data__stations__station_id,data__stations__external_id,data__stations__name,data__stations__short_name,data__stations__lat,data__stations__lon,data__stations__rental_methods__001,data__stations__rental_methods__002,data__stations__capacity,data__stations__electric_bike_surcharge_waiver,data__stations__eightd_has_key_dispenser
25,0b100854-08f3-11e7-a1cb-3863bb33a4e4,de la Commune / Place Jacques-Cartier,6026,45.50761009451050,-73.55183601379400,CREDITCARD,KEY,89,FALSE,FALSE
1,0b0fda98-08f3-11e7-a1cb-3863bb33a4e4,Métro Champ-de-Mars (Viger / Sanguinet),6001,45.51035067563650,-73.55650842189790,CREDITCARD,KEY,33,FALSE,FALSE
2,0b0fdf05-08f3-11e7-a1cb-3863bb33a4e4,Ste-Catherine / Dezery,6002,45.539385081961700,-73.54099988937380,CREDITCARD,KEY,19,FALSE,FALSE
3,0b0fe114-08f3-11e7-a1cb-3863bb33a4e4,Clark / Evans,6003,45.51100666600310,-73.56760203838350,CREDITCARD,KEY,19,FALSE,FALSE
4,0b0fe2b5-08f3-11e7-a1cb-3863bb33a4e4,du Champ-de-Mars / Gosford,6004,45.50965520472070,-73.55400860309600,CREDITCARD,KEY,23,FALSE,FALSE
5,0b0fe458-08f3-11e7-a1cb-3863bb33a4e4,Metcalfe / du Square-Dorchester,6005,45.500208064155000,-73.57113786041740,CREDITCARD,KEY,31,FALSE,FALSE
6,0b0fe5d0-08f3-11e7-a1cb-3863bb33a4e4,18e avenue / Rosemont,6006,45.55789545752950,-73.5765291005373,CREDITCARD,KEY,31,FALSE,FALSE
7,0b0fe76d-08f3-11e7-a1cb-3863bb33a4e4,de l'Hôtel-de-Ville / Ste-Catherine,6007,45.51166045593870,-73.56213569641110,CREDITCARD,KEY,23,FALSE,FALSE
8,0b0fe8e4-08f3-11e7-a1cb-3863bb33a4e4,Sanguinet / Ste-Catherine,6008,45.51279685582330,-73.56146247242580,CREDITCARD,KEY,27,FALSE,FALSE
9,0b0fea54-08f3-11e7-a1cb-3863bb33a4e4,Crescent / de Maisonneuve,6009,45.49811161443600,-73.57761539518830,CREDITCARD,KEY,19,FALSE,FALSE
10,0b0febc1-08f3-11e7-a1cb-3863bb33a4e4,Gare d'autocars de Montréal (Berri / Ontario),6901,45.51689676614310,-73.5639488697052,CREDITCARD,KEY,15,FALSE,FALSE
11,0b0ff3ef-08f3-11e7-a1cb-3863bb33a4e4,St-André / St-Antoine,6011,45.51411452790020,-73.55264469981190,CREDITCARD,KEY,27,FALSE,FALSE
12,0b0ff5fc-08f3-11e7-a1cb-3863bb33a4e4,Métro St-Laurent (de Maisonneuve / St-Laurent),6012,45.51066,-73.56497,CREDITCARD,KEY,49,FALSE,FALSE
13,0b0ff798-08f3-11e7-a1cb-3863bb33a4e4,Sanguinet / de Maisonneuve,6013,45.51340553558380,-73.56259435415270,CREDITCARD,KEY,31,FALSE,FALSE
14,0b0ff906-08f3-11e7-a1cb-3863bb33a4e4,St-Denis / René-Lévesque,6014,45.51287121578040,-73.55846643447880,CREDITCARD,KEY,43,FALSE,FALSE
15,0b0ffa68-08f3-11e7-a1cb-3863bb33a4e4,BAnQ (Berri / de Maisonneuve),6015,45.515299,-73.561273,CREDITCARD,KEY,31,FALSE,FALSE
16,0b0ffbbc-08f3-11e7-a1cb-3863bb33a4e4,Jacques-Le Ber / de la Pointe Nord,6016,45.472503,-73.539285,CREDITCARD,KEY,27,FALSE,FALSE
17,0b0ffd3a-08f3-11e7-a1cb-3863bb33a4e4,Atateken / du Square Amherst,6017,45.52063377251980,-73.56390595436100,CREDITCARD,KEY,31,FALSE,FALSE
18,0b0ffea2-08f3-11e7-a1cb-3863bb33a4e4,St-André / Ontario,6018,45.51889,-73.56353,CREDITCARD,KEY,23,FALSE,FALSE
19,0b100002-08f3-11e7-a1cb-3863bb33a4e4,Métro Sherbrooke (de Rigaud / Berri),6019,45.51799893773690,-73.56818407773970,CREDITCARD,KEY,23,FALSE,FALSE
20,0b100167-08f3-11e7-a1cb-3863bb33a4e4,Sanguinet / Ontario,6020,45.51476724402060,-73.56549113988880,CREDITCARD,KEY,19,FALSE,FALSE
21,0b1002d5-08f3-11e7-a1cb-3863bb33a4e4,Montcalm / Ontario,6902,45.521081043206800,-73.56227517127990,CREDITCARD,KEY,31,FALSE,FALSE
22,0b100442-08f3-11e7-a1cb-3863bb33a4e4,de la Commune / Berri,6023,45.51086,-73.54983,CREDITCARD,KEY,51,FALSE,FALSE
23,0b1005a1-08f3-11e7-a1cb-3863bb33a4e4,Bellerive / Duchesneau,6024,45.60761595633480,-73.50982189178470,CREDITCARD,KEY,27,FALSE,FALSE
24,0b1006f9-08f3-11e7-a1cb-3863bb33a4e4,Notre-Dame / St-Gabriel,6025,45.50714391928410,-73.55511903762820,CREDITCARD,KEY,15,FALSE,FALSE
26,0b1009b3-08f3-11e7-a1cb-3863bb33a4e4,de Maisonneuve / Mansfield (sud),6027,45.502053864057500,-73.57346534729000,CREDITCARD,KEY,23,FALSE,FALSE
28,0b100caa-08f3-11e7-a1cb-3863bb33a4e4,Bourget / St-Jacques,6029,45.48084576334510,-73.58386158943180,CREDITCARD,KEY,19,FALSE,FALSE
30,0b100f80-08f3-11e7-a1cb-3863bb33a4e4,de Maisonneuve / Robert-Bourassa,6031,45.50426292830070,-73.57152342796330,CREDITCARD,KEY,11,FALSE,FALSE
31,0b1010e4-08f3-11e7-a1cb-3863bb33a4e4,Métro Place-d'Armes (Viger / St-Urbain),6032,45.50623,-73.55976,CREDITCARD,KEY,25,FALSE,FALSE
32,0b10125a-08f3-11e7-a1cb-3863bb33a4e4,16e avenue / Beaubien,6033,45.55828063767650,-73.58315885066990,CREDITCARD,KEY,15,FALSE,FALSE
34,0b101537-08f3-11e7-a1cb-3863bb33a4e4,Viger / Chenneville,6035,45.50531166520920,-73.56089115142820,CREDITCARD,KEY,38,FALSE,FALSE
35,0b101691-08f3-11e7-a1cb-3863bb33a4e4,de la Commune / St-Sulpice,6036,45.50424245563400,-73.553469479084,CREDITCARD,KEY,47,FALSE,FALSE
36,0b1017ec-08f3-11e7-a1cb-3863bb33a4e4,St-Nicolas / Place d'Youville,6037,45.501966859101600,-73.55515256524090,CREDITCARD,KEY,15,FALSE,FALSE
37,0b101966-08f3-11e7-a1cb-3863bb33a4e4,McGill / Place d'Youville,6038,45.49975,-73.55566,CREDITCARD,KEY,23,FALSE,FALSE
38,0b101acc-08f3-11e7-a1cb-3863bb33a4e4,McGill / des Récollets,6039,45.500779,-73.558826,CREDITCARD,KEY,19,FALSE,FALSE
39,0b101c22-08f3-11e7-a1cb-3863bb33a4e4,St-Jacques / St-Pierre,6040,45.50278649802570,-73.55913430452350,CREDITCARD,KEY,19,FALSE,FALSE
40,0b101d77-08f3-11e7-a1cb-3863bb33a4e4,St-Jacques / McGill,6041,45.50144108135570,-73.56014415621760,CREDITCARD,KEY,31,FALSE,FALSE
41,0b101ed0-08f3-11e7-a1cb-3863bb33a4e4,de la Gauchetière / Robert-Bourassa,6042,45.50060578095100,-73.56544822454450,CREDITCARD,KEY,27,FALSE,FALSE
42,0b102046-08f3-11e7-a1cb-3863bb33a4e4,Square Victoria (Viger / du Square-Victoria),6043,45.50206,-73.56295,CREDITCARD,KEY,19,FALSE,FALSE
43,0b1021af-08f3-11e7-a1cb-3863bb33a4e4,Roy / St-André,6044,45.521564270906600,-73.57036739587780,CREDITCARD,KEY,23,FALSE,FALSE
45,0b10246c-08f3-11e7-a1cb-3863bb33a4e4,Métro Bonaventure (de la Gauchetière / de la Cathédrale),6046,45.49831217703310,-73.56725603342060,CREDITCARD,KEY,51,FALSE,FALSE
46,0b1025c4-08f3-11e7-a1cb-3863bb33a4e4,Milton / Durocher,6204,45.508140959417700,-73.57492983341220,CREDITCARD,KEY,27,FALSE,FALSE
47,0b10272a-08f3-11e7-a1cb-3863bb33a4e4,William / St-Henri,6048,45.49891911390350,-73.55725407600400,CREDITCARD,KEY,19,FALSE,FALSE
48,0b102b66-08f3-11e7-a1cb-3863bb33a4e4,Queen / Wellington,6049,45.49760527699100,-73.55534970760350,CREDITCARD,KEY,39,FALSE,FALSE
49,0b102c87-08f3-11e7-a1cb-3863bb33a4e4,St-Maurice / Robert-Bourassa,6050,45.498577791020100,-73.56024205684660,CREDITCARD,KEY,43,FALSE,FALSE
50,0b102d8f-08f3-11e7-a1cb-3863bb33a4e4,de Gaspé / Marmier,6051,45.529686,-73.601728,CREDITCARD,KEY,22,FALSE,FALSE
51,0b102e96-08f3-11e7-a1cb-3863bb33a4e4,de la Commune / King,6052,45.49751503379370,-73.55257093906400,CREDITCARD,KEY,105,FALSE,FALSE
52,0b102fb4-08f3-11e7-a1cb-3863bb33a4e4,du Président-Kennedy / Jeanne-Mance,6053,45.508204615051400,-73.56881439685820,CREDITCARD,KEY,23,FALSE,FALSE
55,0b10559b-08f3-11e7-a1cb-3863bb33a4e4,Peel / de la Gauchetiere,6057,45.4977183451679,-73.5681800544262,CREDITCARD,KEY,23,FALSE,FALSE
56,0b1056fb-08f3-11e7-a1cb-3863bb33a4e4,Cypress / Peel,6058,45.49932551028460,-73.57176750898360,CREDITCARD,KEY,23,FALSE,FALSE
57,0b10581e-08f3-11e7-a1cb-3863bb33a4e4,de la Cathédrale / René-Lévesque,6059,45.499191207076600,-73.56942057609560,CREDITCARD,KEY,55,FALSE,FALSE
58,0b105944-08f3-11e7-a1cb-3863bb33a4e4,Belmont / Robert-Bourassa,6060,45.501366848348900,-73.56583714485170,CREDITCARD,KEY,35,FALSE,FALSE
59,0b105a5b-08f3-11e7-a1cb-3863bb33a4e4,Mansfield / Ste-Catherine,6061,45.501398709321500,-73.57178628444670,CREDITCARD,KEY,23,FALSE,FALSE
60,0b105b66-08f3-11e7-a1cb-3863bb33a4e4,Drummond / Ste-Catherine,6062,45.49863930330430,-73.57422709465030,CREDITCARD,KEY,35,FALSE,FALSE
61,0b105c6d-08f3-11e7-a1cb-3863bb33a4e4,Drummond / de Maisonneuve,6063,45.49947,-73.57591,CREDITCARD,KEY,43,FALSE,FALSE
62,0b105d73-08f3-11e7-a1cb-3863bb33a4e4,Métro Peel (de Maisonneuve / Stanley),6064,45.50038,-73.57507,CREDITCARD,KEY,57,FALSE,FALSE
63,0b105e8d-08f3-11e7-a1cb-3863bb33a4e4,de la Montagne / Sherbrooke,6065,45.499744750433800,-73.57903361320500,CREDITCARD,KEY,23,FALSE,FALSE
64,0b105f95-08f3-11e7-a1cb-3863bb33a4e4,Porte-de-Québec / St-Hubert,6067,45.51249475526990,-73.55087846517560,CREDITCARD,KEY,25,FALSE,FALSE
65,0b10609d-08f3-11e7-a1cb-3863bb33a4e4,2e avenue / Jean-Rivard,6068,45.562509038048900,-73.61656039953230,CREDITCARD,KEY,31,FALSE,FALSE
67,0b1062ad-08f3-11e7-a1cb-3863bb33a4e4,Milton / University,6070,45.5064484,-73.57634872,CREDITCARD,KEY,31,FALSE,FALSE
68,0b1063c4-08f3-11e7-a1cb-3863bb33a4e4,de Maisonneuve / Aylmer (ouest),6073,45.50501,-73.57069,CREDITCARD,KEY,45,FALSE,FALSE
69,0b1064d3-08f3-11e7-a1cb-3863bb33a4e4,de Ville-Marie / Ste-Catherine,6076,45.55792114867550,-73.52914720773700,CREDITCARD,KEY,15,FALSE,FALSE
71,0b10680e-08f3-11e7-a1cb-3863bb33a4e4,St-Alexandre / Ste-Catherine,6078,45.50538225594000,-73.56763422489170,CREDITCARD,KEY,15,FALSE,FALSE
72,0b106932-08f3-11e7-a1cb-3863bb33a4e4,Métro Vendôme (de Marlowe / de Maisonneuve),6080,45.47393028235150,-73.60473453998560,CREDITCARD,KEY,39,FALSE,FALSE
73,0b106b02-08f3-11e7-a1cb-3863bb33a4e4,Mackay / Ste-Catherine,6081,45.49570931691900,-73.5769522190094,CREDITCARD,KEY,11,FALSE,FALSE
74,0b106c33-08f3-11e7-a1cb-3863bb33a4e4,5e avenue / Rosemont,6082,45.54990048023630,-73.58308374881740,CREDITCARD,KEY,19,FALSE,FALSE
75,0b106d46-08f3-11e7-a1cb-3863bb33a4e4,Square Phillips,6083,45.50373771539480,-73.56810629367830,CREDITCARD,KEY,15,FALSE,FALSE
76,0b106e5d-08f3-11e7-a1cb-3863bb33a4e4,Duke / Brennan,6084,45.495581350533900,-73.55371087789530,CREDITCARD,KEY,31,FALSE,FALSE
77,0b106f9a-08f3-11e7-a1cb-3863bb33a4e4,Notre-Dame / Peel,6085,45.4952,-73.56328,CREDITCARD,KEY,51,FALSE,FALSE
78,0b1070e3-08f3-11e7-a1cb-3863bb33a4e4,Henri-Julien / du Carmel,6089,45.527839413108,-73.59482109546660,CREDITCARD,KEY,27,FALSE,FALSE
79,0b107204-08f3-11e7-a1cb-3863bb33a4e4,Métro Lucien-L'Allier  (Lucien l'Allier / Argyle),6090,45.49487159597490,-73.57112377882000,CREDITCARD,KEY,17,FALSE,FALSE
80,0b107323-08f3-11e7-a1cb-3863bb33a4e4,Joseph-Manseau / René-Lévesque,6091,45.491686521008000,-73.57676714658740,CREDITCARD,KEY,15,FALSE,FALSE
81,0b107432-08f3-11e7-a1cb-3863bb33a4e4,Crescent / Ste-Catherine,6092,45.497092016878200,-73.57554942369460,CREDITCARD,KEY,31,FALSE,FALSE
82,0b10753d-08f3-11e7-a1cb-3863bb33a4e4,Métro Beaubien (de Chateaubriand / Beaubien),6912,45.5353599615622,-73.60363483428960,CREDITCARD,KEY,23,FALSE,FALSE
83,0b10765d-08f3-11e7-a1cb-3863bb33a4e4,Métro Atwater (Atwater / Ste-Catherine),6194,45.48947622882080,-73.58456566929820,CREDITCARD,KEY,27,FALSE,FALSE
84,0b107771-08f3-11e7-a1cb-3863bb33a4e4,Chomedey / de Maisonneuve,6095,45.491800276787200,-73.58400642871860,CREDITCARD,KEY,23,FALSE,FALSE
85,0b10787d-08f3-11e7-a1cb-3863bb33a4e4,Lucien L'Allier / St-Jacques,6096,45.49356916133980,-73.56857568025590,CREDITCARD,KEY,19,FALSE,FALSE
86,0b107988-08f3-11e7-a1cb-3863bb33a4e4,Ste-Catherine / St-Marc,6097,45.492897397177500,-73.58029425144200,CREDITCARD,KEY,27,FALSE,FALSE
87,0b1081d2-08f3-11e7-a1cb-3863bb33a4e4,Bishop / Ste-Catherine,6098,45.496583295698700,-73.5765016078949,CREDITCARD,KEY,31,FALSE,FALSE
88,0b10834a-08f3-11e7-a1cb-3863bb33a4e4,Ste-Catherine / Labelle,6099,45.51506508398210,-73.55922952294350,CREDITCARD,KEY,23,FALSE,FALSE
89,0b108464-08f3-11e7-a1cb-3863bb33a4e4,Mackay / de Maisonneuve,6100,45.49659,-73.57851,CREDITCARD,KEY,27,FALSE,FALSE
90,0b108588-08f3-11e7-a1cb-3863bb33a4e4,Métro Villa-Maria (Décarie / de Monkland),6101,45.479483,-73.61979,CREDITCARD,KEY,17,FALSE,FALSE
91,0b1086a7-08f3-11e7-a1cb-3863bb33a4e4,Lincoln / du Fort,6102,45.493034,-73.583836,CREDITCARD,KEY,15,FALSE,FALSE
92,0b1087c4-08f3-11e7-a1cb-3863bb33a4e4,du Havre / Hochelaga,6103,45.535753085274600,-73.55794072151180,CREDITCARD,KEY,15,FALSE,FALSE
93,0b1088f0-08f3-11e7-a1cb-3863bb33a4e4,Wolfe / René-Lévesque,6104,45.51681750463150,-73.5541883111,CREDITCARD,KEY,31,FALSE,FALSE
94,0b108a09-08f3-11e7-a1cb-3863bb33a4e4,Plessis / René-Lévesque,6105,45.51937252291980,-73.55195805430410,CREDITCARD,KEY,19,FALSE,FALSE
95,0b108b24-08f3-11e7-a1cb-3863bb33a4e4,Papineau / René-Lévesque,6106,45.52114,-73.54926,CREDITCARD,KEY,25,FALSE,FALSE
96,0b1091b6-08f3-11e7-a1cb-3863bb33a4e4,St-Mathieu / Ste-Catherine,6107,45.49367956421700,-73.57914626598360,CREDITCARD,KEY,31,FALSE,FALSE
97,0b1093c6-08f3-11e7-a1cb-3863bb33a4e4,Logan / Fullum,6108,45.52836601591230,-73.55117082595830,CREDITCARD,KEY,19,FALSE,FALSE
98,0b1094fe-08f3-11e7-a1cb-3863bb33a4e4,Quai de la navette fluviale,6109,45.513741443172,-73.53838205337520,CREDITCARD,KEY,19,FALSE,FALSE
99,0b10961a-08f3-11e7-a1cb-3863bb33a4e4,Poupart / Ste-Catherine,6110,45.52900206660640,-73.54619935154920,CREDITCARD,KEY,19,FALSE,FALSE
100,0b10972e-08f3-11e7-a1cb-3863bb33a4e4,Parthenais / Ste-Catherine,6111,45.52600589494230,-73.54886412620540,CREDITCARD,KEY,31,FALSE,FALSE
101,0b10983d-08f3-11e7-a1cb-3863bb33a4e4,Montcalm / de Maisonneuve,6112,45.519139183741000,-73.55786561965940,CREDITCARD,KEY,19,FALSE,FALSE
102,0b10994d-08f3-11e7-a1cb-3863bb33a4e4,Alexandre-DeSève / Ste-Catherine,6113,45.52123044585840,-73.55386108160020,CREDITCARD,KEY,19,FALSE,FALSE
103,0b109fc4-08f3-11e7-a1cb-3863bb33a4e4,Métro Papineau (Cartier / Ste-Catherine),6114,45.52353,-73.55199,CREDITCARD,KEY,25,FALSE,FALSE
104,0b10a104-08f3-11e7-a1cb-3863bb33a4e4,Benny / de Monkland,6115,45.46685123845210,-73.63162770867350,CREDITCARD,KEY,27,FALSE,FALSE
105,0b10c307-08f3-11e7-a1cb-3863bb33a4e4,Plessis / Ontario,6116,45.52349210923460,-73.56073021888730,CREDITCARD,KEY,19,FALSE,FALSE
106,0b10c45c-08f3-11e7-a1cb-3863bb33a4e4,de Maisonneuve / Aylmer (est),6117,45.50526304478130,-73.57048004865650,CREDITCARD,KEY,13,FALSE,FALSE
107,0b10c672-08f3-11e7-a1cb-3863bb33a4e4,de Champlain / Ontario,6118,45.52510954917080,-73.56020584702490,CREDITCARD,KEY,19,FALSE,FALSE
108,0b10c7b5-08f3-11e7-a1cb-3863bb33a4e4,Ontario / de Lorimier,6119,45.52773089755530,-73.55753839015960,CREDITCARD,KEY,31,FALSE,FALSE
109,0b10ce21-08f3-11e7-a1cb-3863bb33a4e4,Métro Frontenac (Ontario / du Havre),6120,45.533705987798900,-73.55217933654780,CREDITCARD,KEY,23,FALSE,FALSE
110,0b10cf42-08f3-11e7-a1cb-3863bb33a4e4,du Havre / de Rouen,6121,45.53456256501450,-73.55478646466510,CREDITCARD,KEY,27,FALSE,FALSE
111,0b10d04a-08f3-11e7-a1cb-3863bb33a4e4,Logan / d'Iberville,6122,45.53057,-73.54913,CREDITCARD,KEY,15,FALSE,FALSE
112,0b10d150-08f3-11e7-a1cb-3863bb33a4e4,Alexandre-DeSève / la Fontaine,6123,45.52327641182770,-73.55821833014490,CREDITCARD,KEY,11,FALSE,FALSE
113,0b10d266-08f3-11e7-a1cb-3863bb33a4e4,Poupart / Ontario,6124,45.53193889278050,-73.55343863368030,CREDITCARD,KEY,27,FALSE,FALSE
114,0b10d370-08f3-11e7-a1cb-3863bb33a4e4,Ellendale / de la Côte-des-Neiges,6125,45.499757,-73.629298,CREDITCARD,KEY,27,FALSE,FALSE
115,0b10d842-08f3-11e7-a1cb-3863bb33a4e4,Fullum / de Rouen,6126,45.53213680524970,-73.55871319770810,CREDITCARD,KEY,23,FALSE,FALSE
116,0b10d956-08f3-11e7-a1cb-3863bb33a4e4,de Gaspé / Jean-Talon,6127,45.536582447959800,-73.61622512340550,CREDITCARD,KEY,15,FALSE,FALSE
117,0b10db49-08f3-11e7-a1cb-3863bb33a4e4,Hogan / Ontario,6128,45.535295480380300,-73.55116009712220,CREDITCARD,KEY,11,FALSE,FALSE
118,0b10dc80-08f3-11e7-a1cb-3863bb33a4e4,Sherbrooke / Frontenac,6130,45.5367,-73.56081,CREDITCARD,KEY,15,FALSE,FALSE
119,0b10dd95-08f3-11e7-a1cb-3863bb33a4e4,Fullum / Sherbrooke,6131,45.533924,-73.562425,CREDITCARD,KEY,31,FALSE,FALSE
120,0b10e3e7-08f3-11e7-a1cb-3863bb33a4e4,Chapleau / Terrasse Mercure,6133,45.53673838509650,-73.56516659259800,CREDITCARD,KEY,15,FALSE,FALSE
121,0b10e507-08f3-11e7-a1cb-3863bb33a4e4,de Bordeaux / Sherbrooke,6129,45.52997069129100,-73.56305301189420,CREDITCARD,KEY,15,FALSE,FALSE
122,0b10e60a-08f3-11e7-a1cb-3863bb33a4e4,Ste-Famille / Sherbrooke,6202,45.51007154847700,-73.57075229287150,CREDITCARD,KEY,23,FALSE,FALSE
123,0b10fc41-08f3-11e7-a1cb-3863bb33a4e4,University / Prince-Arthur,6047,45.507401678946400,-73.57844352722170,CREDITCARD,KEY,39,FALSE,FALSE
124,0b1102f9-08f3-11e7-a1cb-3863bb33a4e4,Hutchison / Prince-Arthur,6079,45.50975858607630,-73.57610732316970,CREDITCARD,KEY,23,FALSE,FALSE
125,0b110726-08f3-11e7-a1cb-3863bb33a4e4,William-Tremblay / Molson,6022,45.541719808901300,-73.56517732143400,CREDITCARD,KEY,23,FALSE,FALSE
126,0b1108eb-08f3-11e7-a1cb-3863bb33a4e4,Atwater / Sherbrooke,6093,45.4912258547597,-73.58763009309770,CREDITCARD,KEY,23,FALSE,FALSE
127,0b110a66-08f3-11e7-a1cb-3863bb33a4e4,Drolet / Beaubien,6913,45.533348,-73.605834,CREDITCARD,KEY,27,FALSE,FALSE
128,0b1111b6-08f3-11e7-a1cb-3863bb33a4e4,Alma / Beaubien,6915,45.53243586450860,-73.60665500164030,CREDITCARD,KEY,19,FALSE,FALSE
129,0b111347-08f3-11e7-a1cb-3863bb33a4e4,Parc du Pélican (2e avenue / St-Joseph),6916,45.544513,-73.571564,CREDITCARD,KEY,27,FALSE,FALSE
130,0b1115c4-08f3-11e7-a1cb-3863bb33a4e4,Garnier / des Carrières,6918,45.53755266430290,-73.58993947505950,CREDITCARD,KEY,31,FALSE,FALSE
131,0b111c93-08f3-11e7-a1cb-3863bb33a4e4,Marquette / Jean-Talon,6923,45.54740777921940,-73.60766887664800,CREDITCARD,KEY,15,FALSE,FALSE
132,0b111e08-08f3-11e7-a1cb-3863bb33a4e4,des Écores / Jean-Talon,6925,45.55236372328010,-73.60286772251130,CREDITCARD,KEY,15,FALSE,FALSE
133,0b111f7c-08f3-11e7-a1cb-3863bb33a4e4,Metcalfe / de Maisonneuve,6072,45.50171494932860,-73.57413053512570,CREDITCARD,KEY,23,FALSE,FALSE
134,0b1124b9-08f3-11e7-a1cb-3863bb33a4e4,University / des Pins,6075,45.50829509569770,-73.58064293861390,CREDITCARD,KEY,31,FALSE,FALSE
135,0b112724-08f3-11e7-a1cb-3863bb33a4e4,Bercy / Rachel,6134,45.53840340979250,-73.56196403503420,CREDITCARD,KEY,15,FALSE,FALSE
136,0b112dc7-08f3-11e7-a1cb-3863bb33a4e4,Larivière / de Lorimier,6132,45.5291345371163,-73.55923354625700,CREDITCARD,KEY,35,FALSE,FALSE
137,0b112f3f-08f3-11e7-a1cb-3863bb33a4e4,Métro Laurier (Rivard / Laurier),6136,45.52761627,-73.5891147,CREDITCARD,KEY,19,FALSE,FALSE
138,0b11347f-08f3-11e7-a1cb-3863bb33a4e4,Cartier / Gauthier,6137,45.53034708827070,-73.56698781251910,CREDITCARD,KEY,19,FALSE,FALSE
139,0b1135f2-08f3-11e7-a1cb-3863bb33a4e4,Gauthier / de Lorimier,6138,45.53167355364310,-73.56541335582730,CREDITCARD,KEY,15,FALSE,FALSE
140,0b113d5d-08f3-11e7-a1cb-3863bb33a4e4,Gauthier / Parthenais,6139,45.53292625574650,-73.56377989053730,CREDITCARD,KEY,15,FALSE,FALSE
141,0b1142a8-08f3-11e7-a1cb-3863bb33a4e4,Marquette / Rachel,6140,45.5298015824607,-73.5702896118164,CREDITCARD,KEY,15,FALSE,FALSE
142,0b1147d6-08f3-11e7-a1cb-3863bb33a4e4,des Érables / Rachel,6141,45.53354753725340,-73.5668671131134,CREDITCARD,KEY,19,FALSE,FALSE
143,0b114d1c-08f3-11e7-a1cb-3863bb33a4e4,Calixa-Lavallée / Rachel,6142,45.527794785525100,-73.57193917036060,CREDITCARD,KEY,31,FALSE,FALSE
144,0b115254-08f3-11e7-a1cb-3863bb33a4e4,Rachel / de Brébeuf,6143,45.52689,-73.57264,CREDITCARD,KEY,28,FALSE,FALSE
145,0b1159ca-08f3-11e7-a1cb-3863bb33a4e4,du Parc-La Fontaine / Duluth,6145,45.52451761488780,-73.57197672128680,CREDITCARD,KEY,15,FALSE,FALSE
146,0b115f14-08f3-11e7-a1cb-3863bb33a4e4,du Parc-La Fontaine / Roy,6146,45.523170471388200,-73.56901288032530,CREDITCARD,KEY,23,FALSE,FALSE
147,0b116d41-08f3-11e7-a1cb-3863bb33a4e4,Calixa-Lavallée / Sherbrooke,6147,45.52479,-73.56545,CREDITCARD,KEY,39,FALSE,FALSE
148,0b116ed6-08f3-11e7-a1cb-3863bb33a4e4,Émile-Duployé / Sherbrooke,6148,45.52720058937290,-73.56472939252850,CREDITCARD,KEY,31,FALSE,FALSE
149,0b116ff4-08f3-11e7-a1cb-3863bb33a4e4,Chapleau / du Mont-Royal,6149,45.53867,-73.56936,CREDITCARD,KEY,23,FALSE,FALSE
150,0b117115-08f3-11e7-a1cb-3863bb33a4e4,Messier / du Mont-Royal,6150,45.53711414,-73.5710031,CREDITCARD,KEY,19,FALSE,FALSE
151,0b11945c-08f3-11e7-a1cb-3863bb33a4e4,Parthenais / du Mont-Royal,6151,45.53646917409480,-73.57146307826040,CREDITCARD,KEY,23,FALSE,FALSE
152,0b1195c7-08f3-11e7-a1cb-3863bb33a4e4,Chabot / du Mont-Royal,6152,45.53418509490270,-73.57358872890470,CREDITCARD,KEY,23,FALSE,FALSE
153,0b119728-08f3-11e7-a1cb-3863bb33a4e4,Cartier / Marie-Anne,6153,45.532674,-73.571776,CREDITCARD,KEY,19,FALSE,FALSE
154,0b1198eb-08f3-11e7-a1cb-3863bb33a4e4,Marquette / du Mont-Royal,6154,45.53229,-73.57544,CREDITCARD,KEY,19,FALSE,FALSE
155,0b119a5f-08f3-11e7-a1cb-3863bb33a4e4,Garnier / du Mont-Royal,6155,45.53092,-73.57674,CREDITCARD,KEY,31,FALSE,FALSE
156,0b119c87-08f3-11e7-a1cb-3863bb33a4e4,Marie-Anne / de la Roche,6156,45.52775814390430,-73.57618510723110,CREDITCARD,KEY,19,FALSE,FALSE
157,0b119e07-08f3-11e7-a1cb-3863bb33a4e4,de Brébeuf / du Mont-Royal,6157,45.52940777616880,-73.57815384864810,CREDITCARD,KEY,19,FALSE,FALSE
158,0b119f9b-08f3-11e7-a1cb-3863bb33a4e4,Gilford / de Brébeuf,6158,45.53081622781600,-73.58162596821790,CREDITCARD,KEY,19,FALSE,FALSE
159,0b11a121-08f3-11e7-a1cb-3863bb33a4e4,Ann / Wellington,6159,45.49452705626520,-73.55675250291820,CREDITCARD,KEY,11,FALSE,FALSE
160,0b11a316-08f3-11e7-a1cb-3863bb33a4e4,Garnier / St-Joseph,6160,45.5329774553515,-73.58122229576110,CREDITCARD,KEY,23,FALSE,FALSE
161,0b11a4af-08f3-11e7-a1cb-3863bb33a4e4,Cartier / St-Joseph,6161,45.53582823686430,-73.57869029045110,CREDITCARD,KEY,19,FALSE,FALSE
162,0b11a62f-08f3-11e7-a1cb-3863bb33a4e4,Legendre / Henri-Julien,6162,45.546123877081200,-73.64664673805240,CREDITCARD,KEY,27,FALSE,FALSE
163,0b11a7b6-08f3-11e7-a1cb-3863bb33a4e4,Marquette / Laurier,6163,45.53543,-73.5822,CREDITCARD,KEY,27,FALSE,FALSE
164,0b11a928-08f3-11e7-a1cb-3863bb33a4e4,de Lanaudière / Laurier,6164,45.5333136054992,-73.58373686671260,CREDITCARD,KEY,15,FALSE,FALSE
165,0b11aa95-08f3-11e7-a1cb-3863bb33a4e4,Laurier / de Brébeuf,6165,45.532513956311400,-73.58481109142300,CREDITCARD,KEY,31,FALSE,FALSE
166,0b11ac01-08f3-11e7-a1cb-3863bb33a4e4,Gerry-Boulet / St-Grégoire,6166,45.533735227540600,-73.589306473732,CREDITCARD,KEY,31,FALSE,FALSE
167,0b11ad6b-08f3-11e7-a1cb-3863bb33a4e4,Marquette / St-Grégoire,6167,45.53703,-73.58584,CREDITCARD,KEY,15,FALSE,FALSE
168,0b11aefa-08f3-11e7-a1cb-3863bb33a4e4,Marmier / St-Denis,6168,45.530871318676000,-73.59834551811220,CREDITCARD,KEY,31,FALSE,FALSE
169,0b11b06e-08f3-11e7-a1cb-3863bb33a4e4,Boyer / du Mont-Royal,6169,45.527432126380600,-73.57991673052310,CREDITCARD,KEY,27,FALSE,FALSE
170,0b11b1dc-08f3-11e7-a1cb-3863bb33a4e4,de Mentana / Laurier,6170,45.53045006508680,-73.58763813972470,CREDITCARD,KEY,23,FALSE,FALSE
171,0b11b34d-08f3-11e7-a1cb-3863bb33a4e4,Wolfe / Robin,6171,45.51958082831580,-73.5601159930229,CREDITCARD,KEY,23,FALSE,FALSE
173,0b11b660-08f3-11e7-a1cb-3863bb33a4e4,Berri / Cherrier,6173,45.51908844137640,-73.56950908899310,CREDITCARD,KEY,11,FALSE,FALSE
174,0b11b7e0-08f3-11e7-a1cb-3863bb33a4e4,Roy / St-Denis,6174,45.51908,-73.5727,CREDITCARD,KEY,23,FALSE,FALSE
175,0b11b958-08f3-11e7-a1cb-3863bb33a4e4,St-Christophe / Cherrier,6175,45.52027785033670,-73.5682162642479,CREDITCARD,KEY,23,FALSE,FALSE
176,0b11bac8-08f3-11e7-a1cb-3863bb33a4e4,de Mentana / Rachel,6176,45.524963239803200,-73.57555881142620,CREDITCARD,KEY,19,FALSE,FALSE
177,0b11bc2e-08f3-11e7-a1cb-3863bb33a4e4,St-Hubert / Duluth,6177,45.522425652788600,-73.57418417930600,CREDITCARD,KEY,15,FALSE,FALSE
178,0b11bd99-08f3-11e7-a1cb-3863bb33a4e4,Rivard / Rachel,6178,45.5222776,-73.5775906,CREDITCARD,KEY,19,FALSE,FALSE
179,0b11bf22-08f3-11e7-a1cb-3863bb33a4e4,Duluth / St-Denis,6179,45.52060423232700,-73.57598394155500,CREDITCARD,KEY,11,FALSE,FALSE
180,0b11c18a-08f3-11e7-a1cb-3863bb33a4e4,St-Dominique / René-Lévesque,6180,45.509418366717600,-73.56135785579680,CREDITCARD,KEY,21,FALSE,FALSE
181,0b11c320-08f3-11e7-a1cb-3863bb33a4e4,Clark / Rachel,6181,45.5173538,-73.58212888,CREDITCARD,KEY,27,FALSE,FALSE
182,0b11c48f-08f3-11e7-a1cb-3863bb33a4e4,de Bullion / du Mont-Royal,6182,45.52175120848520,-73.58526840806010,CREDITCARD,KEY,19,FALSE,FALSE
183,0b11c5fc-08f3-11e7-a1cb-3863bb33a4e4,Laval / du Mont-Royal,6183,45.5223645775784,-73.58414590358730,CREDITCARD,KEY,19,FALSE,FALSE
184,0b11c779-08f3-11e7-a1cb-3863bb33a4e4,Métro Mont-Royal (Rivard / du Mont-Royal),6184,45.524673,-73.58255,CREDITCARD,KEY,35,FALSE,FALSE
185,0b11c8fa-08f3-11e7-a1cb-3863bb33a4e4,des Érables / Bélanger,6185,45.54912085535070,-73.60087350010870,CREDITCARD,KEY,15,FALSE,FALSE
186,0b11ca72-08f3-11e7-a1cb-3863bb33a4e4,St-Hubert / Laurier,6186,45.52931012171630,-73.58865737915040,CREDITCARD,KEY,15,FALSE,FALSE
187,0b11cbe1-08f3-11e7-a1cb-3863bb33a4e4,Resther / du Mont-Royal,6187,45.52562819123260,-73.58177483081820,CREDITCARD,KEY,23,FALSE,FALSE
188,0b11cd56-08f3-11e7-a1cb-3863bb33a4e4,de Mentana / Marie-Anne,6188,45.526026565221400,-73.57785880565640,CREDITCARD,KEY,23,FALSE,FALSE
189,0b11ced7-08f3-11e7-a1cb-3863bb33a4e4,Chabot / Everett,6189,45.55072306022630,-73.60957056283950,CREDITCARD,KEY,11,FALSE,FALSE
190,0b11d04c-08f3-11e7-a1cb-3863bb33a4e4,Pontiac / Gilford,6190,45.527009334270600,-73.58576595783230,CREDITCARD,KEY,23,FALSE,FALSE
191,0b11d1b6-08f3-11e7-a1cb-3863bb33a4e4,St-Zotique / Clark,6191,45.531401,-73.612674,CREDITCARD,KEY,15,FALSE,FALSE
192,0b11d31d-08f3-11e7-a1cb-3863bb33a4e4,Berri / St-Grégoire,6192,45.52996959525510,-73.5919028520584,CREDITCARD,KEY,23,FALSE,FALSE
193,0b11d48b-08f3-11e7-a1cb-3863bb33a4e4,de l'Esplanade / Fairmount,6193,45.521495,-73.596758,CREDITCARD,KEY,15,FALSE,FALSE
194,0b11d60b-08f3-11e7-a1cb-3863bb33a4e4,de Gaspé / Fairmount,6094,45.52564776553030,-73.5929274559021,CREDITCARD,KEY,11,FALSE,FALSE
195,0b11d77c-08f3-11e7-a1cb-3863bb33a4e4,de Bullion / St-Joseph,6195,45.5240365462478,-73.59014332294460,CREDITCARD,KEY,31,FALSE,FALSE
196,0b11d8f6-08f3-11e7-a1cb-3863bb33a4e4,Villeneuve / St-Laurent,6196,45.52134173413230,-73.58941912651060,CREDITCARD,KEY,19,FALSE,FALSE
197,0b11da63-08f3-11e7-a1cb-3863bb33a4e4,de Bordeaux / Masson,6197,45.53898439552300,-73.5824453830719,CREDITCARD,KEY,19,FALSE,FALSE
198,0b11dbd1-08f3-11e7-a1cb-3863bb33a4e4,Hélène-Baillargeon / St-Denis,6198,45.52974,-73.59527,CREDITCARD,KEY,23,FALSE,FALSE
199,0b11dd51-08f3-11e7-a1cb-3863bb33a4e4,St-Viateur / St-Laurent,6199,45.52593073022710,-73.59883904457090,CREDITCARD,KEY,23,FALSE,FALSE
200,0b11dec0-08f3-11e7-a1cb-3863bb33a4e4,Maguire / St-Laurent,6200,45.524628485592600,-73.5958108305931,CREDITCARD,KEY,23,FALSE,FALSE
201,0b11dfdd-08f3-11e7-a1cb-3863bb33a4e4,Villeneuve / de l'Hôtel-de-Ville,6201,45.52354419830200,-73.58733236789700,CREDITCARD,KEY,23,FALSE,FALSE
202,0b12034a-08f3-11e7-a1cb-3863bb33a4e4,Aylmer / Sherbrooke,6203,45.50658668914340,-73.57329905033110,CREDITCARD,KEY,23,FALSE,FALSE
203,0b1204af-08f3-11e7-a1cb-3863bb33a4e4,Milton / du Parc,6205,45.50936142835130,-73.57386365532880,CREDITCARD,KEY,23,FALSE,FALSE
204,0b1205e1-08f3-11e7-a1cb-3863bb33a4e4,Prince-Arthur / du Parc,6206,45.51059,-73.57547,CREDITCARD,KEY,35,FALSE,FALSE
205,0b1206fe-08f3-11e7-a1cb-3863bb33a4e4,Ste-Famille / des Pins,6207,45.51283174510450,-73.57688784599300,CREDITCARD,KEY,15,FALSE,FALSE
206,0b120816-08f3-11e7-a1cb-3863bb33a4e4,Hutchison / des Pins,6208,45.51069,-73.57805,CREDITCARD,KEY,23,FALSE,FALSE
207,0b12092a-08f3-11e7-a1cb-3863bb33a4e4,Milton / Clark,6209,45.51254135285250,-73.57067719101910,CREDITCARD,KEY,23,FALSE,FALSE
208,0b120a4a-08f3-11e7-a1cb-3863bb33a4e4,Métro Sauvé (Berri / Sauvé),6210,45.550692068419800,-73.65636706352230,CREDITCARD,KEY,26,FALSE,FALSE
209,0b120b73-08f3-11e7-a1cb-3863bb33a4e4,Roy / St-Laurent,6211,45.515616239398400,-73.57580825686450,CREDITCARD,KEY,27,FALSE,FALSE
210,0b120c8a-08f3-11e7-a1cb-3863bb33a4e4,Duluth / de l'Esplanade,6212,45.51509198406270,-73.58114182949070,CREDITCARD,KEY,23,FALSE,FALSE
211,0b120d99-08f3-11e7-a1cb-3863bb33a4e4,Duluth / St-Laurent,6213,45.51687640567000,-73.57946008443830,CREDITCARD,KEY,15,FALSE,FALSE
212,0b120eaa-08f3-11e7-a1cb-3863bb33a4e4,Square St-Louis (du Square St-Louis / Laval),6214,45.516090801970700,-73.5701286792755,CREDITCARD,KEY,27,FALSE,FALSE
213,0b120fbf-08f3-11e7-a1cb-3863bb33a4e4,Metcalfe / St-Catherine,6215,45.50083231626820,-73.57245951890950,CREDITCARD,KEY,43,FALSE,FALSE
214,0b1210e1-08f3-11e7-a1cb-3863bb33a4e4,Parc Jeanne Mance (monument sir George-Etienne Cartier),6216,45.514839858968900,-73.58477890491490,CREDITCARD,KEY,39,FALSE,FALSE
215,0b1211fb-08f3-11e7-a1cb-3863bb33a4e4,Vallières / St-Laurent,6217,45.518967223320100,-73.5836161673069,CREDITCARD,KEY,23,FALSE,FALSE
216,0b12130a-08f3-11e7-a1cb-3863bb33a4e4,de l'Hôtel-de-Ville / Roy,6219,45.51740076184450,-73.57460528612140,CREDITCARD,KEY,23,FALSE,FALSE
217,0b12141b-08f3-11e7-a1cb-3863bb33a4e4,Laval / Duluth,6220,45.519216236873900,-73.57718020677570,CREDITCARD,KEY,27,FALSE,FALSE
218,0b121524-08f3-11e7-a1cb-3863bb33a4e4,du Mont-Royal / Clark,6221,45.51941,-73.58685,CREDITCARD,KEY,23,FALSE,FALSE
219,0b12164d-08f3-11e7-a1cb-3863bb33a4e4,de l'Esplanade / du Mont-Royal,6222,45.51825290855220,-73.5883381962776,CREDITCARD,KEY,23,FALSE,FALSE
220,0b12176d-08f3-11e7-a1cb-3863bb33a4e4,du Mont-Royal / du Parc,6223,45.517,-73.589,CREDITCARD,KEY,33,FALSE,FALSE
221,0b121880-08f3-11e7-a1cb-3863bb33a4e4,Villeneuve / du Parc,6224,45.51829,-73.59235,CREDITCARD,KEY,15,FALSE,FALSE
222,0b121993-08f3-11e7-a1cb-3863bb33a4e4,Villeneuve / St-Urbain,6225,45.520188,-73.590559,CREDITCARD,KEY,19,FALSE,FALSE
223,0b121aa3-08f3-11e7-a1cb-3863bb33a4e4,Hôpital Maisonneuve-Rosemont (Rosemont / Chatelain),6226,45.575707,-73.561562,CREDITCARD,KEY,65,FALSE,FALSE
224,0b121bcd-08f3-11e7-a1cb-3863bb33a4e4,de l'Esplanade / Laurier,6227,45.521038857321300,-73.59490692615510,CREDITCARD,KEY,19,FALSE,FALSE
225,0b121ce9-08f3-11e7-a1cb-3863bb33a4e4,Coloniale / du Mont-Royal,6229,45.5211613236904,-73.5856157541275,CREDITCARD,KEY,15,FALSE,FALSE
226,0b121dff-08f3-11e7-a1cb-3863bb33a4e4,Waverly / St-Viateur,6230,45.5238561444472,-73.60012650489810,CREDITCARD,KEY,19,FALSE,FALSE
227,0b121f07-08f3-11e7-a1cb-3863bb33a4e4,Jeanne-Mance / St-Viateur,6231,45.523026476635100,-73.60184043645860,CREDITCARD,KEY,23,FALSE,FALSE
228,0b122017-08f3-11e7-a1cb-3863bb33a4e4,de l'Arcade / Clark,6234,45.527410360532200,-73.60393524169920,CREDITCARD,KEY,15,FALSE,FALSE
229,0b12214a-08f3-11e7-a1cb-3863bb33a4e4,St-Dominique / St-Viateur,6235,45.52655700191560,-73.5982757806778,CREDITCARD,KEY,31,FALSE,FALSE
230,0b122287-08f3-11e7-a1cb-3863bb33a4e4,Laurier / de Bordeaux,6236,45.5376492623372,-73.57978463172910,CREDITCARD,KEY,23,FALSE,FALSE
232,0b1224c3-08f3-11e7-a1cb-3863bb33a4e4,Gilford / de Lanaudière,6237,45.53200800170650,-73.58044445514680,CREDITCARD,KEY,15,FALSE,FALSE
233,0b1225d9-08f3-11e7-a1cb-3863bb33a4e4,St-Dominique / Napoléon,6903,45.51666442219880,-73.57722043991090,CREDITCARD,KEY,27,FALSE,FALSE
234,0b1226f9-08f3-11e7-a1cb-3863bb33a4e4,de Bordeaux / Jean-Talon,6924,45.54975479298640,-73.60556602478030,CREDITCARD,KEY,15,FALSE,FALSE
236,0b122929-08f3-11e7-a1cb-3863bb33a4e4,Parc Kent (de Kent / Hudson),6240,45.5057209331225,-73.62945914268490,CREDITCARD,KEY,27,FALSE,FALSE
237,0b122a41-08f3-11e7-a1cb-3863bb33a4e4,Querbes / Laurier,6241,45.51753998795680,-73.59783187508580,CREDITCARD,KEY,15,FALSE,FALSE
239,0b12331d-08f3-11e7-a1cb-3863bb33a4e4,Bloomfield / Bernard,6243,45.52068774,-73.6084279,CREDITCARD,KEY,15,FALSE,FALSE
241,0b1235a6-08f3-11e7-a1cb-3863bb33a4e4,Bloomfield / Van Horne,6245,45.5225858,-73.61265779,CREDITCARD,KEY,19,FALSE,FALSE
242,0b1236ca-08f3-11e7-a1cb-3863bb33a4e4,Métro Outremont (Wiseman / Van Horne),6246,45.52027053865370,-73.61484915018080,CREDITCARD,KEY,20,FALSE,FALSE
243,0b1237e6-08f3-11e7-a1cb-3863bb33a4e4,St-Dominique / St-Zotique,6247,45.53226461018500,-73.6110632121563,CREDITCARD,KEY,19,FALSE,FALSE
244,0b1238fe-08f3-11e7-a1cb-3863bb33a4e4,St-Dominique / Rachel,6248,45.518593,-73.581566,CREDITCARD,KEY,23,FALSE,FALSE
245,0b123a23-08f3-11e7-a1cb-3863bb33a4e4,Bélanger / St-Denis,6249,45.53696,-73.61199,CREDITCARD,KEY,27,FALSE,FALSE
246,0b123b3e-08f3-11e7-a1cb-3863bb33a4e4,Marché Jean-Talon (Henri-Julien / Jean-Talon),6250,45.53678525128440,-73.6148879583925,CREDITCARD,KEY,23,FALSE,FALSE
247,0b124281-08f3-11e7-a1cb-3863bb33a4e4,Dante / de Gaspé,6251,45.534414933376300,-73.6123164743185,CREDITCARD,KEY,15,FALSE,FALSE
248,0b1243b5-08f3-11e7-a1cb-3863bb33a4e4,Mozart / St-Laurent,6252,45.53318,-73.61544,CREDITCARD,KEY,19,FALSE,FALSE
249,0b1245b9-08f3-11e7-a1cb-3863bb33a4e4,Métro Jean-Talon (de Chateaubriand / Jean-Talon),6253,45.540138286478600,-73.61402839422230,CREDITCARD,KEY,31,FALSE,FALSE
250,0b1246fa-08f3-11e7-a1cb-3863bb33a4e4,Boyer / Bélanger,6254,45.54006,-73.60897,CREDITCARD,KEY,23,FALSE,FALSE
251,0b124818-08f3-11e7-a1cb-3863bb33a4e4,Boyer / St-Zotique,6255,45.53848,-73.60556,CREDITCARD,KEY,19,FALSE,FALSE
253,0b12737b-08f3-11e7-a1cb-3863bb33a4e4,de St-Vallier / St-Zotique,6257,45.536261178519700,-73.60754549503330,CREDITCARD,KEY,19,FALSE,FALSE
254,0b127e6d-08f3-11e7-a1cb-3863bb33a4e4,Parc Père-Marquette (Chambord / Rosemont),6258,45.537087833013300,-73.59321847558020,CREDITCARD,KEY,47,FALSE,FALSE
255,0b128037-08f3-11e7-a1cb-3863bb33a4e4,Dandurand / de Lorimier,6259,45.540881,-73.584157,CREDITCARD,KEY,23,FALSE,FALSE
256,0b12a453-08f3-11e7-a1cb-3863bb33a4e4,Cartier / Dandurand,6260,45.53923559055870,-73.58594566583630,CREDITCARD,KEY,23,FALSE,FALSE
257,0b12a5db-08f3-11e7-a1cb-3863bb33a4e4,Louis-Hémon / Rosemont,6261,45.54459855947180,-73.58822286129000,CREDITCARD,KEY,19,FALSE,FALSE
258,0b12a710-08f3-11e7-a1cb-3863bb33a4e4,de la Roche /  de Bellechasse,6262,45.537159225331300,-73.59747648239140,CREDITCARD,KEY,15,FALSE,FALSE
259,0b12a953-08f3-11e7-a1cb-3863bb33a4e4,de Hampton / de Monkland,6263,45.47117930747150,-73.6270022392273,CREDITCARD,KEY,15,FALSE,FALSE
260,0b12b053-08f3-11e7-a1cb-3863bb33a4e4,Chabot / de Bellechasse,6264,45.5425697477813,-73.59214425086970,CREDITCARD,KEY,15,FALSE,FALSE
261,0b12b18b-08f3-11e7-a1cb-3863bb33a4e4,Parthenais / Laurier,6265,45.539258526059400,-73.5774591565132,CREDITCARD,KEY,27,FALSE,FALSE
262,0b12b2a7-08f3-11e7-a1cb-3863bb33a4e4,Louis-Hébert / de Bellechasse,6266,45.546661109634600,-73.58868420124050,CREDITCARD,KEY,27,FALSE,FALSE
263,0b12b3bf-08f3-11e7-a1cb-3863bb33a4e4,Chabot / Beaubien,6267,45.544375546398100,-73.59564453363420,CREDITCARD,KEY,15,FALSE,FALSE
264,0b12b4d7-08f3-11e7-a1cb-3863bb33a4e4,Chambord / Beaubien,6268,45.539932183126700,-73.59934329986570,CREDITCARD,KEY,15,FALSE,FALSE
265,0b12ba05-08f3-11e7-a1cb-3863bb33a4e4,Wurtele / de Rouen,6269,45.537627813487600,-73.5533943772316,CREDITCARD,KEY,11,FALSE,FALSE
266,0b12bb31-08f3-11e7-a1cb-3863bb33a4e4,Fabre / St-Zotique,6270,45.54345172630380,-73.60101029276850,CREDITCARD,KEY,19,FALSE,FALSE
267,0b12bc3e-08f3-11e7-a1cb-3863bb33a4e4,St-Jean-Baptiste / Notre-Dame,6271,45.640002860465100,-73.49011301994320,CREDITCARD,KEY,19,FALSE,FALSE
268,0b12bd4f-08f3-11e7-a1cb-3863bb33a4e4,de Bordeaux / St-Zotique,6272,45.546539011777800,-73.59866470098500,CREDITCARD,KEY,19,FALSE,FALSE
269,0b12d1d7-08f3-11e7-a1cb-3863bb33a4e4,Cartier / Bélanger,6273,45.546797412794100,-73.60266387462620,CREDITCARD,KEY,23,FALSE,FALSE
270,0b12dba6-08f3-11e7-a1cb-3863bb33a4e4,de la Roche / St-Joseph,6274,45.531164,-73.583695,CREDITCARD,KEY,23,FALSE,FALSE
271,0b12ddaa-08f3-11e7-a1cb-3863bb33a4e4,Chambord / Jean-Talon,6275,45.54484558108030,-73.61053615808490,CREDITCARD,KEY,15,FALSE,FALSE
272,0b12df39-08f3-11e7-a1cb-3863bb33a4e4,de la Roche / Bélanger,6276,45.541669595766300,-73.60760450363160,CREDITCARD,KEY,15,FALSE,FALSE
273,0b12e0b4-08f3-11e7-a1cb-3863bb33a4e4,Louis-Hébert / St-Zotique,6278,45.55001,-73.59576,CREDITCARD,KEY,15,FALSE,FALSE
274,0b12e8f4-08f3-11e7-a1cb-3863bb33a4e4,Louis-Hébert / Bélanger,6279,45.55158518908430,-73.59916493296620,CREDITCARD,KEY,19,FALSE,FALSE
275,0b12ea9e-08f3-11e7-a1cb-3863bb33a4e4,Fabre / Beaubien,6904,45.5420595590383,-73.59787344932560,CREDITCARD,KEY,19,FALSE,FALSE
276,0b12ec0c-08f3-11e7-a1cb-3863bb33a4e4,Parc Rosemont (Dandurand / d'Iberville),6905,45.544377,-73.581018,CREDITCARD,KEY,19,FALSE,FALSE
277,0b12f18a-08f3-11e7-a1cb-3863bb33a4e4,Métro Rosemont (de St-Vallier / Rosemont),6906,45.5319548635849,-73.59816044569020,CREDITCARD,KEY,23,FALSE,FALSE
278,0b12f313-08f3-11e7-a1cb-3863bb33a4e4,Boyer / Rosemont,6907,45.534136,-73.595478,CREDITCARD,KEY,35,FALSE,FALSE
279,0b12f598-08f3-11e7-a1cb-3863bb33a4e4,de Bellechasse / de St-Vallier,6908,45.53341043363300,-73.60112428665160,CREDITCARD,KEY,15,FALSE,FALSE
280,0b12fca5-08f3-11e7-a1cb-3863bb33a4e4,Augustin-Cantin / Shearer,6921,45.48401829,-73.5634366,CREDITCARD,KEY,31,FALSE,FALSE
281,0b12fe33-08f3-11e7-a1cb-3863bb33a4e4,Marie-Anne / St-Hubert,6926,45.5246829812827,-73.5788968205452,CREDITCARD,KEY,19,FALSE,FALSE
282,0b1303b8-08f3-11e7-a1cb-3863bb33a4e4,Édouard-Montpetit / de Stirling,6927,45.50723,-73.615085,CREDITCARD,KEY,19,FALSE,FALSE
283,0b130533-08f3-11e7-a1cb-3863bb33a4e4,Jean-Brillant / McKenna,6928,45.49876714523860,-73.61886978149410,CREDITCARD,KEY,22,FALSE,FALSE
284,0b130cda-08f3-11e7-a1cb-3863bb33a4e4,Waverly / Van Horne,6228,45.527363,-73.607723,CREDITCARD,KEY,15,FALSE,FALSE
285,0b130e78-08f3-11e7-a1cb-3863bb33a4e4,Durocher / Van Horne,6232,45.524265806034700,-73.61127376556400,CREDITCARD,KEY,23,FALSE,FALSE
286,0b1313e0-08f3-11e7-a1cb-3863bb33a4e4,Bernard / Jeanne-Mance,6233,45.5242864769531,-73.60497325658800,CREDITCARD,KEY,27,FALSE,FALSE
287,0b131556-08f3-11e7-a1cb-3863bb33a4e4,Basile-Routhier / Chabanel,6917,45.549868431421600,-73.64765658974650,CREDITCARD,KEY,15,FALSE,FALSE
288,0b131aab-08f3-11e7-a1cb-3863bb33a4e4,Bibliothèque de Rosemont (9e avenue / Rosemont),6919,45.55201648333520,-73.58185529708860,CREDITCARD,KEY,15,FALSE,FALSE
289,0b132264-08f3-11e7-a1cb-3863bb33a4e4,Boyer / Beaubien,6910,45.537041,-73.602026,CREDITCARD,KEY,23,FALSE,FALSE
290,0b1327e4-08f3-11e7-a1cb-3863bb33a4e4,Basin / du Séminaire,6086,45.490452428547600,-73.56017231941220,CREDITCARD,KEY,27,FALSE,FALSE
291,0b132d5a-08f3-11e7-a1cb-3863bb33a4e4,Notre-Dame / de la Montagne,6087,45.49302901258370,-73.56481790542600,CREDITCARD,KEY,19,FALSE,FALSE
292,0b1332b8-08f3-11e7-a1cb-3863bb33a4e4,Richmond / Notre-Dame,6088,45.4891601257399,-73.56777101755140,CREDITCARD,KEY,11,FALSE,FALSE
293,0b133810-08f3-11e7-a1cb-3863bb33a4e4,Louis-Hébert / Beaubien,6277,45.5481863712796,-73.592010140419,CREDITCARD,KEY,19,FALSE,FALSE
294,0b13441f-08f3-11e7-a1cb-3863bb33a4e4,Casgrain / Laurier,6280,45.52437479806460,-73.5918103158474,CREDITCARD,KEY,15,FALSE,FALSE
297,0b13704c-08f3-11e7-a1cb-3863bb33a4e4,Métro Charlevoix (Centre / Charlevoix),10002,45.47822787309150,-73.56965124607090,CREDITCARD,KEY,23,FALSE,FALSE
301,0b13760f-08f3-11e7-a1cb-3863bb33a4e4,des Seigneurs / Notre-Dame,6401,45.48772278774180,-73.5690826177597,CREDITCARD,KEY,22,FALSE,FALSE
302,0b1377cc-08f3-11e7-a1cb-3863bb33a4e4,Ste-Émilie / Sir-Georges-Etienne-Cartier,6402,45.47266800851550,-73.585389778018,CREDITCARD,KEY,23,FALSE,FALSE
303,0b137906-08f3-11e7-a1cb-3863bb33a4e4,Georges-Vanier / Notre-Dame,6403,45.485047979822800,-73.5719633102417,CREDITCARD,KEY,23,FALSE,FALSE
304,0b137a21-08f3-11e7-a1cb-3863bb33a4e4,Quesnel / Vinet,6404,45.485889,-73.577514,CREDITCARD,KEY,19,FALSE,FALSE
305,0b137b3e-08f3-11e7-a1cb-3863bb33a4e4,Duvernay / Charlevoix,6405,45.4820980397155,-73.57487618923190,CREDITCARD,KEY,19,FALSE,FALSE
306,0b137c76-08f3-11e7-a1cb-3863bb33a4e4,Marché Atwater,6406,45.48020822800020,-73.57759863138200,CREDITCARD,KEY,33,FALSE,FALSE
307,0b137d98-08f3-11e7-a1cb-3863bb33a4e4,Charlevoix / Lionel-Groulx,6407,45.48392802,-73.57731164,CREDITCARD,KEY,23,FALSE,FALSE
308,0b137ecc-08f3-11e7-a1cb-3863bb33a4e4,Métro Georges-Vanier (St-Antoine / Canning),6408,45.4891,-73.57656,CREDITCARD,KEY,17,FALSE,FALSE
309,0b138096-08f3-11e7-a1cb-3863bb33a4e4,Laval / Rachel,6307,45.52017845247640,-73.57942387461660,CREDITCARD,KEY,15,FALSE,FALSE
311,0b138575-08f3-11e7-a1cb-3863bb33a4e4,4e avenue / de Verdun,6309,45.4568844514464,-73.57260704040530,CREDITCARD,KEY,15,FALSE,FALSE
312,0b138723-08f3-11e7-a1cb-3863bb33a4e4,de Soissons / de Darlington,6310,45.50687644639120,-73.62359181046490,CREDITCARD,KEY,27,FALSE,FALSE
313,0b1388ac-08f3-11e7-a1cb-3863bb33a4e4,Palm / St-Remi,6313,45.470303,-73.589848,CREDITCARD,KEY,31,FALSE,FALSE
314,0b138a2d-08f3-11e7-a1cb-3863bb33a4e4,de Kent / de la Côte-des-Neiges,6312,45.50144933057700,-73.63305062055590,CREDITCARD,KEY,39,FALSE,FALSE
315,0b138bbc-08f3-11e7-a1cb-3863bb33a4e4,Drolet / St-Zotique,6311,45.53488214147820,-73.60941231250760,CREDITCARD,KEY,19,FALSE,FALSE
316,0b138d55-08f3-11e7-a1cb-3863bb33a4e4,de Lanaudière / Marie-Anne,6314,45.52932643090090,-73.57480645179750,CREDITCARD,KEY,19,FALSE,FALSE
317,0b138ee2-08f3-11e7-a1cb-3863bb33a4e4,Métro Côte-des-Neiges (Jean-Brillant / de la Côte-des-Neiges),6315,45.49626477461570,-73.62154394388200,CREDITCARD,KEY,23,FALSE,FALSE
318,0b139069-08f3-11e7-a1cb-3863bb33a4e4,Swail / Decelles,6316,45.49705494399440,-73.61865252256390,CREDITCARD,KEY,27,FALSE,FALSE
319,0b1391e8-08f3-11e7-a1cb-3863bb33a4e4,Bourbonnière / du Mont-Royal,6383,45.55357073967110,-73.56049418449400,CREDITCARD,KEY,27,FALSE,FALSE
320,0b139367-08f3-11e7-a1cb-3863bb33a4e4,de Bordeaux / Gilford,6385,45.53611005443120,-73.5762870311737,CREDITCARD,KEY,15,FALSE,FALSE
321,0b1394fa-08f3-11e7-a1cb-3863bb33a4e4,Métro Préfontaine (Moreau / Hochelaga),6386,45.54178033474310,-73.55571448802950,CREDITCARD,KEY,19,FALSE,FALSE
322,0b139684-08f3-11e7-a1cb-3863bb33a4e4,Métro Joliette  (Joliette / Hochelaga),6387,45.54690718297080,-73.5515570640564,CREDITCARD,KEY,19,FALSE,FALSE
323,0b139808-08f3-11e7-a1cb-3863bb33a4e4,d'Orléans / Hochelaga,6388,45.55076798270110,-73.54942739009860,CREDITCARD,KEY,19,FALSE,FALSE
324,0b139985-08f3-11e7-a1cb-3863bb33a4e4,Boyer / Jean-Talon,6389,45.54158631132450,-73.61248075962070,CREDITCARD,KEY,23,FALSE,FALSE
325,0b139b11-08f3-11e7-a1cb-3863bb33a4e4,Aylwin / Ontario,6391,45.544284173851500,-73.54533970355990,CREDITCARD,KEY,15,FALSE,FALSE
327,0b139e39-08f3-11e7-a1cb-3863bb33a4e4,Dézéry / Ontario,6393,45.54111008519640,-73.54754984378820,CREDITCARD,KEY,19,FALSE,FALSE
328,0b139fbc-08f3-11e7-a1cb-3863bb33a4e4,Valois / Ontario,6394,45.54740496161700,-73.54467451572420,CREDITCARD,KEY,19,FALSE,FALSE
329,0b13a130-08f3-11e7-a1cb-3863bb33a4e4,Métro Viau (Pierre-de-Coubertin / Viau),6395,45.561782815423900,-73.54661107063290,CREDITCARD,KEY,51,FALSE,FALSE
330,0b13a2b3-08f3-11e7-a1cb-3863bb33a4e4,Marché Maisonneuve,6397,45.55321884238810,-73.53978216648100,CREDITCARD,KEY,22,FALSE,FALSE
331,0b13a43a-08f3-11e7-a1cb-3863bb33a4e4,Desjardins / Ontario,6398,45.5511918874866,-73.54087248444560,CREDITCARD,KEY,23,FALSE,FALSE
332,0b13a5e0-08f3-11e7-a1cb-3863bb33a4e4,Guizot / St-Laurent,6323,45.53966322230560,-73.63447487354280,CREDITCARD,KEY,19,FALSE,FALSE
333,0b13a766-08f3-11e7-a1cb-3863bb33a4e4,Drolet / Faillon,6327,45.53926979810150,-73.6208787560463,CREDITCARD,KEY,23,FALSE,FALSE
334,0b13a8ed-08f3-11e7-a1cb-3863bb33a4e4,Drolet / Gounod,6329,45.54095134225730,-73.62637460231780,CREDITCARD,KEY,23,FALSE,FALSE
335,0b13aa6c-08f3-11e7-a1cb-3863bb33a4e4,de Gaspé / Jarry,6330,45.540780049798000,-73.63040059804920,CREDITCARD,KEY,23,FALSE,FALSE
336,0b13abee-08f3-11e7-a1cb-3863bb33a4e4,Guizot / St-Denis,6331,45.543423548290200,-73.63246187567710,CREDITCARD,KEY,23,FALSE,FALSE
337,0b13ad79-08f3-11e7-a1cb-3863bb33a4e4,de Gaspé / de Liège,6332,45.54248521237200,-73.63634169101720,CREDITCARD,KEY,23,FALSE,FALSE
338,0b13aefa-08f3-11e7-a1cb-3863bb33a4e4,Leman / de Chateaubriand,6333,45.547218,-73.631103,CREDITCARD,KEY,15,FALSE,FALSE
339,0b13b075-08f3-11e7-a1cb-3863bb33a4e4,Métro Jarry (Lajeunesse / Jarry),6334,45.54371190262870,-73.62828433513640,CREDITCARD,KEY,23,FALSE,FALSE
340,0b13b1f1-08f3-11e7-a1cb-3863bb33a4e4,du Rosaire / St-Hubert,6335,45.54481928225350,-73.6215104162693,CREDITCARD,KEY,23,FALSE,FALSE
341,0b13b367-08f3-11e7-a1cb-3863bb33a4e4,Faillon / St-Hubert,6336,45.54297175887710,-73.61793905496600,CREDITCARD,KEY,11,FALSE,FALSE
342,0b13b4f3-08f3-11e7-a1cb-3863bb33a4e4,de Chateaubriand / Jarry,6338,45.54595481682400,-73.62699151039120,CREDITCARD,KEY,19,FALSE,FALSE
343,0b13dbf6-08f3-11e7-a1cb-3863bb33a4e4,Harvard / de Monkland,6339,45.474565185029900,-73.62403571605680,CREDITCARD,KEY,19,FALSE,FALSE
344,0b13dddb-08f3-11e7-a1cb-3863bb33a4e4,de la Roche / Everett,6340,45.544867,-73.614841,CREDITCARD,KEY,15,FALSE,FALSE
345,0b13df6a-08f3-11e7-a1cb-3863bb33a4e4,Regina / de Verdun,6341,45.467369,-73.570769,CREDITCARD,KEY,19,FALSE,FALSE
346,0b13e0f4-08f3-11e7-a1cb-3863bb33a4e4,Marquette / Villeray,6343,45.55068361610600,-73.61529305577280,CREDITCARD,KEY,15,FALSE,FALSE
347,0b13e231-08f3-11e7-a1cb-3863bb33a4e4,Louis-Hémon / Villeray,6345,45.55496126357670,-73.61073732376100,CREDITCARD,KEY,31,FALSE,FALSE
348,0b13e34c-08f3-11e7-a1cb-3863bb33a4e4,Nicolet / Sherbrooke,6346,45.54969542033440,-73.55464696884160,CREDITCARD,KEY,27,FALSE,FALSE
349,0b13e473-08f3-11e7-a1cb-3863bb33a4e4,Métro St-Michel (Shaughnessy / St-Michel),6347,45.559199,-73.599658,CREDITCARD,KEY,15,FALSE,FALSE
350,0b13e590-08f3-11e7-a1cb-3863bb33a4e4,Ryde / Charlevoix,6349,45.4757434,-73.5646007,CREDITCARD,KEY,23,FALSE,FALSE
351,0b13e6a8-08f3-11e7-a1cb-3863bb33a4e4,Island / Centre,6350,45.48149081388880,-73.56475353240970,CREDITCARD,KEY,23,FALSE,FALSE
355,0b13eb2d-08f3-11e7-a1cb-3863bb33a4e4,St-Dominique / Gounod,6322,45.538737949470600,-73.62802147865300,CREDITCARD,KEY,23,FALSE,FALSE
356,0b13ec45-08f3-11e7-a1cb-3863bb33a4e4,de Liège / Lajeunesse,6324,45.545603545552700,-73.63474041223530,CREDITCARD,KEY,11,FALSE,FALSE
357,0b13ed65-08f3-11e7-a1cb-3863bb33a4e4,De Gaspé / Villeray,6328,45.53893805473210,-73.62429320812220,CREDITCARD,KEY,15,FALSE,FALSE
358,0b13ee9f-08f3-11e7-a1cb-3863bb33a4e4,Marcil / Sherbrooke,6354,45.471743,-73.613924,CREDITCARD,KEY,23,FALSE,FALSE
359,0b13efbf-08f3-11e7-a1cb-3863bb33a4e4,Ontario / Sicard,6355,45.55626186680850,-73.53744059801100,CREDITCARD,KEY,23,FALSE,FALSE
360,0b13f0dd-08f3-11e7-a1cb-3863bb33a4e4,de Monkland / Girouard,6356,45.47710675189810,-73.6214379966259,CREDITCARD,KEY,15,FALSE,FALSE
361,0b13f1f3-08f3-11e7-a1cb-3863bb33a4e4,13e avenue / St-Zotique,6357,45.557487317400000,-73.5887485742569,CREDITCARD,KEY,23,FALSE,FALSE
362,0b13f308-08f3-11e7-a1cb-3863bb33a4e4,1ère  avenue / St-Zotique,6358,45.551937362101,-73.59392791986470,CREDITCARD,KEY,15,FALSE,FALSE
363,0b13f435-08f3-11e7-a1cb-3863bb33a4e4,Ste-Catherine / St-Laurent,6359,45.50981336049590,-73.5638952255249,CREDITCARD,KEY,39,FALSE,FALSE
364,0b13f555-08f3-11e7-a1cb-3863bb33a4e4,8e avenue / Beaubien,6360,45.553215,-73.58752,CREDITCARD,KEY,15,FALSE,FALSE
365,0b13f670-08f3-11e7-a1cb-3863bb33a4e4,Molson / Beaubien,6361,45.54968589617970,-73.59115451574330,CREDITCARD,KEY,23,FALSE,FALSE
366,0b13f78c-08f3-11e7-a1cb-3863bb33a4e4,1ère avenue / Rosemont,6362,45.54779995288000,-73.58486741781240,CREDITCARD,KEY,15,FALSE,FALSE
367,0b13f8a4-08f3-11e7-a1cb-3863bb33a4e4,de la Côte St-Antoine / Royal,6363,45.468926984877400,-73.6198702454567,CREDITCARD,KEY,19,FALSE,FALSE
368,0b13f9ce-08f3-11e7-a1cb-3863bb33a4e4,de Chambly / Rachel,6364,45.54991069359100,-73.55826258659360,CREDITCARD,KEY,23,FALSE,FALSE
370,0b13fc0b-08f3-11e7-a1cb-3863bb33a4e4,Wilderton  / Van Horne,6366,45.51014162409140,-73.6247518658638,CREDITCARD,KEY,19,FALSE,FALSE
371,0b13fd21-08f3-11e7-a1cb-3863bb33a4e4,3e avenue / Dandurand,6367,45.547294918516400,-73.57899874448780,CREDITCARD,KEY,15,FALSE,FALSE
372,0b13fe3c-08f3-11e7-a1cb-3863bb33a4e4,10e avenue / Masson,6368,45.55030553030550,-73.57335269451140,CREDITCARD,KEY,11,FALSE,FALSE
373,0b13ff69-08f3-11e7-a1cb-3863bb33a4e4,U. Concordia - Campus Loyola (Sherbrooke / West Broadway),6369,45.45750908083070,-73.6394852399826,CREDITCARD,KEY,27,FALSE,FALSE
374,0b140084-08f3-11e7-a1cb-3863bb33a4e4,d'Orléans / Masson,6370,45.557192,-73.569847,CREDITCARD,KEY,23,FALSE,FALSE
375,0b14019f-08f3-11e7-a1cb-3863bb33a4e4,4e avenue / Masson,6371,45.546978,-73.575515,CREDITCARD,KEY,27,FALSE,FALSE
376,0b1402b1-08f3-11e7-a1cb-3863bb33a4e4,1ère avenue / Masson,6372,45.5451997,-73.57645065,CREDITCARD,KEY,39,FALSE,FALSE
377,0b1403c7-08f3-11e7-a1cb-3863bb33a4e4,7e avenue / St-Joseph Rosemont,6373,45.547226645250700,-73.56986984610560,CREDITCARD,KEY,27,FALSE,FALSE
378,0b1404ef-08f3-11e7-a1cb-3863bb33a4e4,15e avenue / Masson,6374,45.55389801568000,-73.5713866353035,CREDITCARD,KEY,23,FALSE,FALSE
379,0b14060a-08f3-11e7-a1cb-3863bb33a4e4,Métro Place St-Henri (St-Ferdinand / St-Jacques),6375,45.477249,-73.587238,CREDITCARD,KEY,23,FALSE,FALSE
380,0b14073a-08f3-11e7-a1cb-3863bb33a4e4,de Chambly / St-Joseph,6376,45.552842358447700,-73.56529533863070,CREDITCARD,KEY,19,FALSE,FALSE
381,0b140857-08f3-11e7-a1cb-3863bb33a4e4,Grand Trunk / Hibernia,6377,45.47968,-73.56385,CREDITCARD,KEY,23,FALSE,FALSE
383,0b140aa8-08f3-11e7-a1cb-3863bb33a4e4,de l'Église / Bannantyne,6379,45.4632535358533,-73.57587933540340,CREDITCARD,KEY,15,FALSE,FALSE
384,0b140bd0-08f3-11e7-a1cb-3863bb33a4e4,Parc J.-Arthur-Champagne (de Chambly / du Mont-Royal),6380,45.551584,-73.561916,CREDITCARD,KEY,19,FALSE,FALSE
385,0b141134-08f3-11e7-a1cb-3863bb33a4e4,Omer-Lavallée / du Midway,6381,45.5457759528664,-73.56217458844190,CREDITCARD,KEY,19,FALSE,FALSE
387,0b141431-08f3-11e7-a1cb-3863bb33a4e4,Darling / Sherbrooke,6384,45.54545890380310,-73.55666935443880,CREDITCARD,KEY,15,FALSE,FALSE
388,0b141591-08f3-11e7-a1cb-3863bb33a4e4,Métro Pie-IX (Pierre-de-Coubertin / Pie-IX),6396,45.55421375524560,-73.55155974626540,CREDITCARD,KEY,49,FALSE,FALSE
389,0b1416bd-08f3-11e7-a1cb-3863bb33a4e4,Parc Outremont (Bloomfield / Elmwood),6301,45.518309446368,-73.60328614711760,CREDITCARD,KEY,15,FALSE,FALSE
390,0b1417e4-08f3-11e7-a1cb-3863bb33a4e4,Stuart / St-Viateur,6302,45.516078703024100,-73.60779762268070,CREDITCARD,KEY,15,FALSE,FALSE
391,0b141901-08f3-11e7-a1cb-3863bb33a4e4,Pratt / Van Horne,6303,45.51414486304300,-73.6203020811081,CREDITCARD,KEY,15,FALSE,FALSE
392,0b141a1b-08f3-11e7-a1cb-3863bb33a4e4,Rockland / Lajoie,6304,45.515617,-73.614991,CREDITCARD,KEY,11,FALSE,FALSE
393,0b141b49-08f3-11e7-a1cb-3863bb33a4e4,Davaar / de la Côte-Ste-Catherine,6305,45.514379,-73.610871,CREDITCARD,KEY,15,FALSE,FALSE
394,0b141c69-08f3-11e7-a1cb-3863bb33a4e4,Métro Édouard-Montpetit (du Mont-Royal / Vincent-d'Indy),6306,45.510086,-73.611429,CREDITCARD,KEY,19,FALSE,FALSE
396,0b141e98-08f3-11e7-a1cb-3863bb33a4e4,Gary-Carter / St-Laurent,6321,45.53589982664130,-73.62244248390200,CREDITCARD,KEY,39,FALSE,FALSE
397,0b1425cb-08f3-11e7-a1cb-3863bb33a4e4,St-Dominique / Jean-Talon,6344,45.53524809921430,-73.61756354570390,CREDITCARD,KEY,27,FALSE,FALSE
399,0b14284e-08f3-11e7-a1cb-3863bb33a4e4,Lionel-Groulx / George-Vanier,6409,45.48621939184820,-73.5737469792366,CREDITCARD,KEY,27,FALSE,FALSE
401,0b14514d-08f3-11e7-a1cb-3863bb33a4e4,de l'Hôtel-de-Ville / Sherbrooke,6021,45.514564669657600,-73.56840670108800,CREDITCARD,KEY,23,FALSE,FALSE
403,0b1453ac-08f3-11e7-a1cb-3863bb33a4e4,McTavish / des Pins,6066,45.50530549708950,-73.58100235462190,CREDITCARD,KEY,23,FALSE,FALSE
404,0b1454e7-08f3-11e7-a1cb-3863bb33a4e4,Prince-Arthur / St-Urbain,6218,45.51258740220930,-73.57373893260960,CREDITCARD,KEY,27,FALSE,FALSE
406,0b145cb7-08f3-11e7-a1cb-3863bb33a4e4,Metro Jean-Drapeau (Chemin Macdonald),6501,45.512800575819600,-73.5311159491539,CREDITCARD,KEY,31,FALSE,FALSE
407,0b145ebe-08f3-11e7-a1cb-3863bb33a4e4,Casino de Montréal,6502,45.5063732,-73.52457672,CREDITCARD,KEY,19,FALSE,FALSE
408,0b145fee-08f3-11e7-a1cb-3863bb33a4e4,Métro Parc  (Ogilvy / Hutchison),6503,45.53035130173600,-73.6243924498558,CREDITCARD,KEY,33,FALSE,FALSE
409,0b14611d-08f3-11e7-a1cb-3863bb33a4e4,La Ronde,6504,45.52156536710630,-73.53533238172530,CREDITCARD,KEY,23,FALSE,FALSE
413,0b1465ad-08f3-11e7-a1cb-3863bb33a4e4,de Melrose / Sherbrooke,6415,45.469819787448600,-73.61696138978000,CREDITCARD,KEY,15,FALSE,FALSE
414,0b146c18-08f3-11e7-a1cb-3863bb33a4e4,de la Salle / Hochelaga,6417,45.55415230370230,-73.54749351739880,CREDITCARD,KEY,15,FALSE,FALSE
415,0b146d57-08f3-11e7-a1cb-3863bb33a4e4,Paré / Mountain Sights,6418,45.49810026070620,-73.65294188261030,CREDITCARD,KEY,15,FALSE,FALSE
416,0b146e6c-08f3-11e7-a1cb-3863bb33a4e4,Square Chaboillez (St-Jacques / de la Cathédrale),6424,45.49656303562920,-73.56491714715960,CREDITCARD,KEY,27,FALSE,FALSE
417,0b147065-08f3-11e7-a1cb-3863bb33a4e4,Cartier / Rosemont,6421,45.54124722370600,-73.59104454517370,CREDITCARD,KEY,19,FALSE,FALSE
418,0b147194-08f3-11e7-a1cb-3863bb33a4e4,Notre-Dame-de-Grâce / Décarie,6416,45.47735333523630,-73.61537218093870,CREDITCARD,KEY,15,FALSE,FALSE
419,0b1472bf-08f3-11e7-a1cb-3863bb33a4e4,Beaucourt / de la Côte-Ste-Catherine,6419,45.491513,-73.633649,CREDITCARD,KEY,23,FALSE,FALSE
421,0b14793c-08f3-11e7-a1cb-3863bb33a4e4,Hôpital général juif (de la Côte Ste-Catherine / Légaré),6423,45.496302,-73.629822,CREDITCARD,KEY,19,FALSE,FALSE
422,0b147a69-08f3-11e7-a1cb-3863bb33a4e4,Métro Snowdon (de Westbury / Queen-Mary),6420,45.48538473242350,-73.62814217805860,CREDITCARD,KEY,27,FALSE,FALSE
423,0b147b7b-08f3-11e7-a1cb-3863bb33a4e4,Fleury / Lajeunesse,6422,45.55357892880520,-73.66208285093310,CREDITCARD,KEY,15,FALSE,FALSE
424,0b147c90-08f3-11e7-a1cb-3863bb33a4e4,Métro Crémazie (Crémazie / Lajeunesse),6410,45.54640752148170,-73.63842844963070,CREDITCARD,KEY,15,FALSE,FALSE
425,0b147daa-08f3-11e7-a1cb-3863bb33a4e4,Complexe sportif Claude-Robillard,6412,45.553262,-73.638615,CREDITCARD,KEY,24,FALSE,FALSE
426,0b1482b7-08f3-11e7-a1cb-3863bb33a4e4,Union / Cathcart,6413,45.50355184389660,-73.56875538825990,CREDITCARD,KEY,3,FALSE,FALSE
427,0b1483e2-08f3-11e7-a1cb-3863bb33a4e4,Parc St-Henri (Laporte / Guay),6414,45.48013378575670,-73.58590811491010,CREDITCARD,KEY,15,FALSE,FALSE
428,0b1485d4-08f3-11e7-a1cb-3863bb33a4e4,Métro de l'Église (Ross / de l'Église),6425,45.462846046287300,-73.56592163443570,CREDITCARD,KEY,11,FALSE,FALSE
429,0b1486fb-08f3-11e7-a1cb-3863bb33a4e4,Métro Verdun (Willibrord / de Verdun),6426,45.459487694540700,-73.57209205627440,CREDITCARD,KEY,26,FALSE,FALSE
430,0b14880a-08f3-11e7-a1cb-3863bb33a4e4,Métro Lasalle (de Rushbrooke / Caisse),6427,45.47069642604660,-73.56542240828280,CREDITCARD,KEY,23,FALSE,FALSE
431,0b149ec4-08f3-11e7-a1cb-3863bb33a4e4,Place du Commerce,6429,45.46714,-73.54259,CREDITCARD,KEY,33,FALSE,FALSE
432,0b14a0b5-08f3-11e7-a1cb-3863bb33a4e4,Clark / Prince-Arthur,6411,45.5133025720765,-73.57296109199520,CREDITCARD,KEY,27,FALSE,FALSE
433,0b14a228-08f3-11e7-a1cb-3863bb33a4e4,Berlioz / de l'Île des Soeurs,6428,45.45998577640930,-73.54395568370820,CREDITCARD,KEY,23,FALSE,FALSE
437,0b14ae83-08f3-11e7-a1cb-3863bb33a4e4,Resther / St-Joseph,6281,45.52769780849100,-73.58625277876850,CREDITCARD,KEY,15,FALSE,FALSE
438,0b14b09f-08f3-11e7-a1cb-3863bb33a4e4,de Maisonneuve / Greene,6432,45.48697062,-73.58929306,CREDITCARD,KEY,15,FALSE,FALSE
439,0b14b712-08f3-11e7-a1cb-3863bb33a4e4,Hillside / Ste-Catherine,6433,45.48282602624290,-73.59084337949750,CREDITCARD,KEY,15,FALSE,FALSE
440,0b14b8bc-08f3-11e7-a1cb-3863bb33a4e4,Victoria / de Maisonneuve,6434,45.47742856483270,-73.60016942024230,CREDITCARD,KEY,15,FALSE,FALSE
441,0b14ba3a-08f3-11e7-a1cb-3863bb33a4e4,Victoria Hall,6435,45.48129146961130,-73.6003303527832,CREDITCARD,KEY,15,FALSE,FALSE
442,0b14c124-08f3-11e7-a1cb-3863bb33a4e4,Argyle / Sherbrooke,6436,45.48580087370360,-73.5957974300254,CREDITCARD,KEY,19,FALSE,FALSE
443,0b14c2b4-08f3-11e7-a1cb-3863bb33a4e4,St-Charles / Montarville,5002,45.53368199320330,-73.51526074111460,CREDITCARD,KEY,15,FALSE,FALSE
444,0b14c9db-08f3-11e7-a1cb-3863bb33a4e4,Place Longueuil,5003,45.52841043752240,-73.51716578006740,CREDITCARD,KEY,15,FALSE,FALSE
445,0b14cb90-08f3-11e7-a1cb-3863bb33a4e4,St-Charles / Grant,5004,45.539824,-73.508752,CREDITCARD,KEY,11,FALSE,FALSE
446,0b14d26c-08f3-11e7-a1cb-3863bb33a4e4,St-Charles / St-Jean,5005,45.53690747306940,-73.51191401481630,CREDITCARD,KEY,23,FALSE,FALSE
447,0b14d40c-08f3-11e7-a1cb-3863bb33a4e4,Collège Édouard-Montpetit (de Gentilly / de Normandie),5006,45.53722603812580,-73.49506705999370,CREDITCARD,KEY,19,FALSE,FALSE
448,0b14d978-08f3-11e7-a1cb-3863bb33a4e4,Métro Longueuil - Université de Sherbrooke,5007,45.52331869398740,-73.52012693881990,CREDITCARD,KEY,35,FALSE,FALSE
452,0b14e83b-08f3-11e7-a1cb-3863bb33a4e4,St-André / St-Grégoire,6929,45.53147464147480,-73.59242051839830,CREDITCARD,KEY,19,FALSE,FALSE
453,0b14edb8-08f3-11e7-a1cb-3863bb33a4e4,Cité des Arts du Cirque (Paul Boutet / des Regrattiers),6930,45.55984236120470,-73.61544728279110,CREDITCARD,KEY,34,FALSE,FALSE
454,0b14f30c-08f3-11e7-a1cb-3863bb33a4e4,de la Salle / Ste-Catherine,6700,45.54996328646850,-73.53443384170530,CREDITCARD,KEY,19,FALSE,FALSE
455,0b15234d-08f3-11e7-a1cb-3863bb33a4e4,Stanley / Sherbrooke,6701,45.50104110864490,-73.57717752456660,CREDITCARD,KEY,39,FALSE,FALSE
456,0b153eab-08f3-11e7-a1cb-3863bb33a4e4,Métro Assomption (Chauveau / de l'Assomption),6702,45.569789,-73.548081,CREDITCARD,KEY,27,FALSE,FALSE
457,0b154e30-08f3-11e7-a1cb-3863bb33a4e4,Jardin Botanique (Pie-IX / Sherbrooke),6703,45.55500446099040,-73.55535507202150,CREDITCARD,KEY,15,FALSE,FALSE
458,0b15509c-08f3-11e7-a1cb-3863bb33a4e4,19e avenue / St-Zotique,6704,45.561594,-73.585643,CREDITCARD,KEY,31,FALSE,FALSE
459,0b1551f1-08f3-11e7-a1cb-3863bb33a4e4,5e avenue / Bannantyne,6705,45.456365,-73.57614,CREDITCARD,KEY,15,FALSE,FALSE
460,0b15530e-08f3-11e7-a1cb-3863bb33a4e4,Beatty / de Verdun,6706,45.450729976972900,-73.5725748538971,CREDITCARD,KEY,19,FALSE,FALSE
461,0b155435-08f3-11e7-a1cb-3863bb33a4e4,Métro Jolicoeur (Drake / de Sève),6707,45.45608545783110,-73.58193710446360,CREDITCARD,KEY,19,FALSE,FALSE
462,0b155561-08f3-11e7-a1cb-3863bb33a4e4,Place Jean-Paul Riopelle (Viger / de Bleury),6708,45.503570799233500,-73.56099039316180,CREDITCARD,KEY,27,FALSE,FALSE
463,0b15569e-08f3-11e7-a1cb-3863bb33a4e4,Le Caron / Marc-Sauvalle ,6709,45.461685,-73.584039,CREDITCARD,KEY,23,FALSE,FALSE
464,0b1557b8-08f3-11e7-a1cb-3863bb33a4e4,Chambord / Fleury,6710,45.55982811984720,-73.65832507610320,CREDITCARD,KEY,15,FALSE,FALSE
465,0b1558cf-08f3-11e7-a1cb-3863bb33a4e4,Alexandra / Waverly,6711,45.531938,-73.617842,CREDITCARD,KEY,15,FALSE,FALSE
466,0b1559e7-08f3-11e7-a1cb-3863bb33a4e4,LaSalle / Crawford,6712,45.43791380065230,-73.58274042606350,CREDITCARD,KEY,15,FALSE,FALSE
467,0b155b17-08f3-11e7-a1cb-3863bb33a4e4,29e avenue / St-Zotique,6713,45.56776565172910,-73.57968807220460,CREDITCARD,KEY,15,FALSE,FALSE
468,0b1560e8-08f3-11e7-a1cb-3863bb33a4e4,LaSalle / 90e avenue,6714,45.417147421132500,-73.64422470331190,CREDITCARD,KEY,31,FALSE,FALSE
469,0b156254-08f3-11e7-a1cb-3863bb33a4e4,Natatorium (LaSalle / Rolland),6715,45.44454701497540,-73.57509076595310,CREDITCARD,KEY,27,FALSE,FALSE
470,0b156380-08f3-11e7-a1cb-3863bb33a4e4,Francis / Fleury,6716,45.56387237463670,-73.6555677652359,CREDITCARD,KEY,19,FALSE,FALSE
471,0b156493-08f3-11e7-a1cb-3863bb33a4e4,de Kent / Victoria,6717,45.49456403292620,-73.63870203495030,CREDITCARD,KEY,19,FALSE,FALSE
472,0b1565a3-08f3-11e7-a1cb-3863bb33a4e4,Grand Boulevard / Sherbrooke,6718,45.466569,-73.623295,CREDITCARD,KEY,19,FALSE,FALSE
473,0b1566c9-08f3-11e7-a1cb-3863bb33a4e4,Park Row O / Sherbrooke,6719,45.46072936353250,-73.63407254219060,CREDITCARD,KEY,15,FALSE,FALSE
474,0b1567df-08f3-11e7-a1cb-3863bb33a4e4,Ontario / Viau,6720,45.5594818,-73.535496,CREDITCARD,KEY,19,FALSE,FALSE
475,0b1568f2-08f3-11e7-a1cb-3863bb33a4e4,Métro Cadillac (de Cadillac / Sherbrooke),6721,45.5769632283486,-73.54683637619020,CREDITCARD,KEY,19,FALSE,FALSE
476,0b156b6c-08f3-11e7-a1cb-3863bb33a4e4,du Quesne / Pierre-de-Coubertin,6722,45.57498439946890,-73.53884875774380,CREDITCARD,KEY,27,FALSE,FALSE
477,0b156ca1-08f3-11e7-a1cb-3863bb33a4e4,26e avenue / Beaubien,6723,45.564944,-73.577639,CREDITCARD,KEY,15,FALSE,FALSE
478,0b156dca-08f3-11e7-a1cb-3863bb33a4e4,Léa-Roback / Sir-Georges-Etienne-Cartier,6724,45.47166862589180,-73.582643866539,CREDITCARD,KEY,35,FALSE,FALSE
479,0b156eef-08f3-11e7-a1cb-3863bb33a4e4,Métro Monk (Allard / Beaulieu),6725,45.45085122,-73.5940272,CREDITCARD,KEY,15,FALSE,FALSE
480,0b157007-08f3-11e7-a1cb-3863bb33a4e4,Hamel / Sauvé,6726,45.56076192837150,-73.6505614221096,CREDITCARD,KEY,39,FALSE,FALSE
481,0b157114-08f3-11e7-a1cb-3863bb33a4e4,de la Sucrerie / Centre,6727,45.48408128505460,-73.56091797351840,CREDITCARD,KEY,31,FALSE,FALSE
482,0b15722c-08f3-11e7-a1cb-3863bb33a4e4,d'Outremont / Ogilvy,6728,45.52687028194890,-73.62672328948980,CREDITCARD,KEY,15,FALSE,FALSE
483,0b157357-08f3-11e7-a1cb-3863bb33a4e4,St-André / Ste-Catherine,6729,45.516426545782200,-73.5581123828888,CREDITCARD,KEY,15,FALSE,FALSE
484,0b15746b-08f3-11e7-a1cb-3863bb33a4e4,35e avenue / Beaubien,6730,45.570081,-73.573047,CREDITCARD,KEY,27,FALSE,FALSE
485,0b15757a-08f3-11e7-a1cb-3863bb33a4e4,Villeray / de Normanville,6733,45.547172039327500,-73.6185210943222,CREDITCARD,KEY,23,FALSE,FALSE
486,0b15768c-08f3-11e7-a1cb-3863bb33a4e4,Fortune / Wellington,6732,45.477923,-73.559038,CREDITCARD,KEY,27,FALSE,FALSE
487,0b1577a0-08f3-11e7-a1cb-3863bb33a4e4,28e avenue / Rosemont,6731,45.564353,-73.571244,CREDITCARD,KEY,19,FALSE,FALSE
489,0b1579f1-08f3-11e7-a1cb-3863bb33a4e4,Lajeunesse / Villeray,6734,45.54211889,-73.6225471,CREDITCARD,KEY,15,FALSE,FALSE
490,0b157b10-08f3-11e7-a1cb-3863bb33a4e4,Métro Henri-Bourassa (Henri-Bourassa / Millen),6736,45.55675103297280,-73.66716161370280,CREDITCARD,KEY,16,FALSE,FALSE
491,0b157c28-08f3-11e7-a1cb-3863bb33a4e4,Jacques-Casault / Christophe-Colomb,6737,45.552123,-73.630103,CREDITCARD,KEY,31,FALSE,FALSE
492,0b157d3b-08f3-11e7-a1cb-3863bb33a4e4,Villeray / St-Michel,6735,45.56105928295800,-73.6039674282074,CREDITCARD,KEY,15,FALSE,FALSE
493,0b157e60-08f3-11e7-a1cb-3863bb33a4e4,Union / René-Lévesque,6738,45.50235036136800,-73.56658279895780,CREDITCARD,KEY,39,FALSE,FALSE
495,0b158095-08f3-11e7-a1cb-3863bb33a4e4,Pierre-de-Coubertin / Langelier,6739,45.580314546424700,-73.5353136062622,CREDITCARD,KEY,15,FALSE,FALSE
496,0b1581a7-08f3-11e7-a1cb-3863bb33a4e4,Canning / Notre-Dame,6741,45.486318644010200,-73.5702332854271,CREDITCARD,KEY,7,FALSE,FALSE
497,0b1582bb-08f3-11e7-a1cb-3863bb33a4e4,St-Patrick / Briand,6742,45.46339729163670,-73.59643578529360,CREDITCARD,KEY,17,FALSE,FALSE
498,0b1583e3-08f3-11e7-a1cb-3863bb33a4e4,St-Marc / Sherbrooke,6743,45.494514,-73.583368,CREDITCARD,KEY,15,FALSE,FALSE
499,0b1584ff-08f3-11e7-a1cb-3863bb33a4e4,Hamilton / Jolicoeur,6744,45.456355,-73.597557,CREDITCARD,KEY,15,FALSE,FALSE
500,0b158b6f-08f3-11e7-a1cb-3863bb33a4e4,de l'Épée / Jean-Talon,6745,45.52797966680090,-73.62388283014300,CREDITCARD,KEY,19,FALSE,FALSE
501,0b158ca5-08f3-11e7-a1cb-3863bb33a4e4,Métro Acadie (de l'Acadie / Beaumont),6746,45.52357479400010,-73.62344294786450,CREDITCARD,KEY,21,FALSE,FALSE
502,0b158db7-08f3-11e7-a1cb-3863bb33a4e4,Waverly / St-Zotique,6747,45.53050525974960,-73.61470833420750,CREDITCARD,KEY,19,FALSE,FALSE
503,0b158eeb-08f3-11e7-a1cb-3863bb33a4e4,Young / Wellington,6748,45.49282530947310,-73.55797827243810,CREDITCARD,KEY,15,FALSE,FALSE
504,0b159001-08f3-11e7-a1cb-3863bb33a4e4,St-Jacques / St-Laurent,6749,45.50642115207640,-73.55646550655370,CREDITCARD,KEY,15,FALSE,FALSE
505,0b159114-08f3-11e7-a1cb-3863bb33a4e4,de Mentana / Gilford,6750,45.52872356043450,-73.58385890722280,CREDITCARD,KEY,19,FALSE,FALSE
508,0b15bda3-08f3-11e7-a1cb-3863bb33a4e4,Hutchison / Beaubien,6752,45.52605851018320,-73.61296892166140,CREDITCARD,KEY,26,FALSE,FALSE
511,0b15c175-08f3-11e7-a1cb-3863bb33a4e4,Centre ÉPIC (St-Zotique / 40e avenue),6753,45.57414703721990,-73.57462137937550,CREDITCARD,KEY,23,FALSE,FALSE
512,0b15c291-08f3-11e7-a1cb-3863bb33a4e4,Eadie / Dubois,6754,45.45759682462100,-73.59052859581420,CREDITCARD,KEY,23,FALSE,FALSE
514,0b15c4e5-08f3-11e7-a1cb-3863bb33a4e4,Ball / Querbes,7001,45.531177514650900,-73.6321359872818,CREDITCARD,KEY,19,FALSE,FALSE
515,0b15c602-08f3-11e7-a1cb-3863bb33a4e4,Meunier / Fleury,7002,45.54485857398680,-73.66681426763540,CREDITCARD,KEY,19,FALSE,FALSE
516,0b15c71c-08f3-11e7-a1cb-3863bb33a4e4,Métro Guy-Concordia (Guy / St-Catherine),7003,45.49498148219460,-73.57773274183270,CREDITCARD,KEY,31,FALSE,FALSE
517,0b15c831-08f3-11e7-a1cb-3863bb33a4e4,Émile-Journault / de Chateaubriand,7004,45.54983321292290,-73.64063255488870,CREDITCARD,KEY,31,FALSE,FALSE
518,0b15c94a-08f3-11e7-a1cb-3863bb33a4e4,Marquette / Fleury,7005,45.56735205736570,-73.65378744900230,CREDITCARD,KEY,15,FALSE,FALSE
519,0b15ca76-08f3-11e7-a1cb-3863bb33a4e4,Clark / Fleury,7006,45.54764847825580,-73.6655656993389,CREDITCARD,KEY,15,FALSE,FALSE
520,0b15cb8e-08f3-11e7-a1cb-3863bb33a4e4,Kirkfield / de Chambois,7007,45.51293324107220,-73.63389015197750,CREDITCARD,KEY,27,FALSE,FALSE
521,0b15cca5-08f3-11e7-a1cb-3863bb33a4e4,Rousselot / Jarry,7008,45.55076907833170,-73.62091094255450,CREDITCARD,KEY,15,FALSE,FALSE
522,0b15cdba-08f3-11e7-a1cb-3863bb33a4e4,Place Émilie-Gamelin (de Maisonneuve / Berri),7009,45.51569016499680,-73.56096625328060,CREDITCARD,KEY,31,FALSE,FALSE
523,0b15cee1-08f3-11e7-a1cb-3863bb33a4e4,Coolbrook / Queen-Mary,7010,45.48285235405570,-73.63034427165990,CREDITCARD,KEY,23,FALSE,FALSE
524,0b15d009-08f3-11e7-a1cb-3863bb33a4e4,Panet / de Maisonneuve,7011,45.520573635013400,-73.55614364147190,CREDITCARD,KEY,15,FALSE,FALSE
525,0b15d11c-08f3-11e7-a1cb-3863bb33a4e4,St-Hubert / René-Lévesque,7012,45.51433537033960,-73.55646349489690,CREDITCARD,KEY,11,FALSE,FALSE
526,0b15d232-08f3-11e7-a1cb-3863bb33a4e4,Benny / Sherbrooke,7013,45.4648769981855,-73.62659722566610,CREDITCARD,KEY,19,FALSE,FALSE
527,0b15d348-08f3-11e7-a1cb-3863bb33a4e4,Métro Université de Montréal (Édouard-Montpetit / Louis-Collin),7014,45.50427796704120,-73.61797660589220,CREDITCARD,KEY,18,FALSE,FALSE
528,0b15d9c8-08f3-11e7-a1cb-3863bb33a4e4,Parc des Rapides (LaSalle / 6e avenue),7015,45.42947143740890,-73.59309915918860,CREDITCARD,KEY,23,FALSE,FALSE
529,0b15db12-08f3-11e7-a1cb-3863bb33a4e4,Métro Langelier (Langelier / Sherbrooke),7016,45.58284663189180,-73.54247644543650,CREDITCARD,KEY,19,FALSE,FALSE
530,0b15dc2d-08f3-11e7-a1cb-3863bb33a4e4,Bennett / Ste-Catherine,7017,45.55305326642510,-73.53242754936220,CREDITCARD,KEY,15,FALSE,FALSE
531,0b15dd46-08f3-11e7-a1cb-3863bb33a4e4,Valois / Ste-Catherine,7018,45.54522973039870,-73.53725016117100,CREDITCARD,KEY,23,FALSE,FALSE
532,0b15de58-08f3-11e7-a1cb-3863bb33a4e4,Casgrain / St-Viateur,7019,45.52751292628880,-73.59879076480860,CREDITCARD,KEY,23,FALSE,FALSE
533,0b15df6a-08f3-11e7-a1cb-3863bb33a4e4,St-Germain / Hochelaga,7020,45.5436987529516,-73.55367332696920,CREDITCARD,KEY,15,FALSE,FALSE
534,0b15e094-08f3-11e7-a1cb-3863bb33a4e4,Dollard / Van Horne,7021,45.51915286772740,-73.61646920442580,CREDITCARD,KEY,23,FALSE,FALSE
535,0b15e1ac-08f3-11e7-a1cb-3863bb33a4e4,Durocher / Bernard,7022,45.52222528598140,-73.60668718814850,CREDITCARD,KEY,15,FALSE,FALSE
536,0b15e2c4-08f3-11e7-a1cb-3863bb33a4e4,CHSLD St-Michel (Jarry / 8e avenue),7023,45.561690269046100,-73.61051201820370,CREDITCARD,KEY,15,FALSE,FALSE
537,0b15e3d6-08f3-11e7-a1cb-3863bb33a4e4,Berri / St-Joseph,7024,45.52723106564010,-73.58672618865970,CREDITCARD,KEY,18,FALSE,FALSE
538,0b15e4ea-08f3-11e7-a1cb-3863bb33a4e4,Alexandra / Jean-Talon,7042,45.532330645908100,-73.62018674612050,CREDITCARD,KEY,15,FALSE,FALSE
539,0b15e611-08f3-11e7-a1cb-3863bb33a4e4,St-Dominique / Bernard,7025,45.52793332015250,-73.60122251338910,CREDITCARD,KEY,23,FALSE,FALSE
540,0b15e73a-08f3-11e7-a1cb-3863bb33a4e4,Maguire / Henri-Julien,7026,45.527041096087800,-73.59347056655680,CREDITCARD,KEY,19,FALSE,FALSE
541,0b15e8c3-08f3-11e7-a1cb-3863bb33a4e4,Terrasse Guindon / Fullum,7027,45.537114135456800,-73.56913894414900,CREDITCARD,KEY,15,FALSE,FALSE
542,0b15e9f2-08f3-11e7-a1cb-3863bb33a4e4,de Gaspé / St-Viateur,7028,45.52774827884840,-73.59743893146520,CREDITCARD,KEY,23,FALSE,FALSE
543,0b15eb0c-08f3-11e7-a1cb-3863bb33a4e4,Cartier / Masson,7029,45.5380207402854,-73.58352363109590,CREDITCARD,KEY,19,FALSE,FALSE
544,0b15ec38-08f3-11e7-a1cb-3863bb33a4e4,de Bordeaux / Marie-Anne,7030,45.53340912723170,-73.57065707445150,CREDITCARD,KEY,11,FALSE,FALSE
545,0b15ed4a-08f3-11e7-a1cb-3863bb33a4e4,Berri / Rachel,7031,45.522718910827700,-73.5772043466568,CREDITCARD,KEY,15,FALSE,FALSE
546,0b15ee5d-08f3-11e7-a1cb-3863bb33a4e4,Drolet / Laurier,7032,45.526251876092500,-73.58975838928020,CREDITCARD,KEY,27,FALSE,FALSE
547,0b15ef72-08f3-11e7-a1cb-3863bb33a4e4,Aylmer / Prince-Arthur,7033,45.508566869474400,-73.57769787311550,CREDITCARD,KEY,19,FALSE,FALSE
548,0b15f085-08f3-11e7-a1cb-3863bb33a4e4,Atwater / Greene,7034,45.480495143306000,-73.57782661914830,CREDITCARD,KEY,25,FALSE,FALSE
549,0b15f1a7-08f3-11e7-a1cb-3863bb33a4e4,Fullum / Gilford,7035,45.53922374455290,-73.57383679656780,CREDITCARD,KEY,15,FALSE,FALSE
550,0b15f2ba-08f3-11e7-a1cb-3863bb33a4e4,Labadie / du Parc,7036,45.5198946757576,-73.59682738780980,CREDITCARD,KEY,11,FALSE,FALSE
551,0b15f3cb-08f3-11e7-a1cb-3863bb33a4e4,Prince-Arthur / Ste-Famille,7037,45.5116382139746,-73.57463479042050,CREDITCARD,KEY,15,FALSE,FALSE
552,0b15fa35-08f3-11e7-a1cb-3863bb33a4e4,Guilbault / Clark,7038,45.514107949601400,-73.57523024082180,CREDITCARD,KEY,19,FALSE,FALSE
553,0b15fb65-08f3-11e7-a1cb-3863bb33a4e4,du Mont-Royal / Augustin-Frigon,7039,45.543763151117500,-73.56772005558010,CREDITCARD,KEY,15,FALSE,FALSE
554,0b15fc8b-08f3-11e7-a1cb-3863bb33a4e4,St-Urbain / Beaubien,7040,45.52951033828330,-73.61067965626720,CREDITCARD,KEY,19,FALSE,FALSE
555,0b15fda8-08f3-11e7-a1cb-3863bb33a4e4,de Maisonneuve / Peel,7041,45.50095054783710,-73.57457846403120,CREDITCARD,KEY,19,FALSE,FALSE
556,0b15febc-08f3-11e7-a1cb-3863bb33a4e4,Ernest-Gendreau / du Mont-Royal,7043,45.549713734001400,-73.56384828686710,CREDITCARD,KEY,23,FALSE,FALSE
557,0b15ffd0-08f3-11e7-a1cb-3863bb33a4e4,Hôpital Santa Cabrini (St-Zotique / Jeanne-Jugan),7044,45.5793249650848,-73.5705041885376,CREDITCARD,KEY,14,FALSE,FALSE
558,0b1600e4-08f3-11e7-a1cb-3863bb33a4e4,Casgrain / Mozart,7045,45.53472725603330,-73.6147928237915,CREDITCARD,KEY,15,FALSE,FALSE
559,0b160210-08f3-11e7-a1cb-3863bb33a4e4,de Maisonneuve / Mansfield (nord),7046,45.502386079583300,-73.57333794236180,CREDITCARD,KEY,19,FALSE,FALSE
560,0b160324-08f3-11e7-a1cb-3863bb33a4e4,Ottawa / Peel,7047,45.49390894768300,-73.55950713157650,CREDITCARD,KEY,31,FALSE,FALSE
561,0b16042d-08f3-11e7-a1cb-3863bb33a4e4,Métro Angrignon (Lamont /  des Trinitaires),7048,45.44704365278580,-73.6021783483011,CREDITCARD,KEY,27,FALSE,FALSE
562,0b160541-08f3-11e7-a1cb-3863bb33a4e4,William / Guy,7049,45.48986545713170,-73.56473073363300,CREDITCARD,KEY,19,FALSE,FALSE
563,0b160654-08f3-11e7-a1cb-3863bb33a4e4,Ottawa / William,7050,45.48972725318430,-73.56406286358830,CREDITCARD,KEY,15,FALSE,FALSE
564,0b162bfe-08f3-11e7-a1cb-3863bb33a4e4,Jogues / Allard,7051,45.450020323797800,-73.60030621290210,CREDITCARD,KEY,23,FALSE,FALSE
565,0b162d59-08f3-11e7-a1cb-3863bb33a4e4,Shearer / Centre,7052,45.483005619293000,-73.56218665838240,CREDITCARD,KEY,23,FALSE,FALSE
566,0b162e76-08f3-11e7-a1cb-3863bb33a4e4,Ropery / Augustin-Cantin,7053,45.48091406771750,-73.56846034526830,CREDITCARD,KEY,23,FALSE,FALSE
567,0b162f91-08f3-11e7-a1cb-3863bb33a4e4,de la Côte St-Paul / St-Ambroise,7054,45.467665653866000,-73.59391784324540,CREDITCARD,KEY,35,FALSE,FALSE
568,0b1630a7-08f3-11e7-a1cb-3863bb33a4e4,Rose-de-Lima / Notre-Dame,7055,45.479950265560200,-73.5805356502533,CREDITCARD,KEY,27,FALSE,FALSE
569,0b1631cc-08f3-11e7-a1cb-3863bb33a4e4,Bibliothèque de Verdun (Brown / Bannantyne),7056,45.44826204820950,-73.57785612344740,CREDITCARD,KEY,15,FALSE,FALSE
570,0b1632e1-08f3-11e7-a1cb-3863bb33a4e4,2e avenue / Wellington,7057,45.45789352611310,-73.56752824096480,CREDITCARD,KEY,15,FALSE,FALSE
571,0b1633f6-08f3-11e7-a1cb-3863bb33a4e4,Gordon / Wellington,7058,45.461077990108400,-73.56730699539180,CREDITCARD,KEY,15,FALSE,FALSE
572,0b163a73-08f3-11e7-a1cb-3863bb33a4e4,Argyle / de Verdun,7059,45.45301583620110,-73.57191503047940,CREDITCARD,KEY,23,FALSE,FALSE
573,0b163ba4-08f3-11e7-a1cb-3863bb33a4e4,de l'Église / de Verdun,7060,45.46300108733160,-73.57156895217490,CREDITCARD,KEY,19,FALSE,FALSE
574,0b163ccd-08f3-11e7-a1cb-3863bb33a4e4,Lajeunesse / de Castelnau,7061,45.540396208100000,-73.61681789159780,CREDITCARD,KEY,11,FALSE,FALSE
575,0b163de4-08f3-11e7-a1cb-3863bb33a4e4,William / Robert-Bourassa,7062,45.49716534003790,-73.55933010578150,CREDITCARD,KEY,21,FALSE,FALSE
576,0b163fee-08f3-11e7-a1cb-3863bb33a4e4,Drolet / Jarry,7063,45.54195463236580,-73.62994194030760,CREDITCARD,KEY,19,FALSE,FALSE
577,0b164119-08f3-11e7-a1cb-3863bb33a4e4,Clark / de Liège,7064,45.539983846015600,-73.6381347477436,CREDITCARD,KEY,23,FALSE,FALSE
578,0b164237-08f3-11e7-a1cb-3863bb33a4e4,de Lanaudière / Bélanger,7065,45.54365085053060,-73.60565051436420,CREDITCARD,KEY,23,FALSE,FALSE
579,0b16436c-08f3-11e7-a1cb-3863bb33a4e4,St-Urbain / de la Gauchetière,7066,45.50707812811470,-73.56139540672300,CREDITCARD,KEY,43,FALSE,FALSE
580,0b164480-08f3-11e7-a1cb-3863bb33a4e4,City Councillors / du President-Kennedy,7067,45.50625103256780,-73.57139065861700,CREDITCARD,KEY,23,FALSE,FALSE
581,0b164596-08f3-11e7-a1cb-3863bb33a4e4,Basin / Richmond,7068,45.48753098712150,-73.56507003307340,CREDITCARD,KEY,31,FALSE,FALSE
582,0b1646b5-08f3-11e7-a1cb-3863bb33a4e4,Jeanne-Mance / René-Lévesque,7069,45.5063713381299,-73.5642009973526,CREDITCARD,KEY,35,FALSE,FALSE
583,0b1647cd-08f3-11e7-a1cb-3863bb33a4e4,Bourgeoys / Favard,7070,45.47993042065730,-73.55592101812360,CREDITCARD,KEY,19,FALSE,FALSE
584,0b1648f0-08f3-11e7-a1cb-3863bb33a4e4,St-Mathieu / Sherbrooke,7071,45.495789104811800,-73.58259558677670,CREDITCARD,KEY,15,FALSE,FALSE
585,0b1649fe-08f3-11e7-a1cb-3863bb33a4e4,Beaudry / Sherbrooke,7072,45.52303493310710,-73.56539458036420,CREDITCARD,KEY,15,FALSE,FALSE
586,0b164b12-08f3-11e7-a1cb-3863bb33a4e4,Logan / de Champlain,7073,45.5231943285584,-73.55584256350990,CREDITCARD,KEY,19,FALSE,FALSE
587,0b164c29-08f3-11e7-a1cb-3863bb33a4e4,St-André / Robin,7074,45.518128086513200,-73.56185138225560,CREDITCARD,KEY,19,FALSE,FALSE
588,0b164d42-08f3-11e7-a1cb-3863bb33a4e4,CIUSSS (du Trianon / Pierre-de-Coubertin),7075,45.58753125134180,-73.5319072008133,CREDITCARD,KEY,39,FALSE,FALSE
589,0b164e7c-08f3-11e7-a1cb-3863bb33a4e4,Tupper / du Fort,7076,45.49122961531580,-73.58078241348270,CREDITCARD,KEY,19,FALSE,FALSE
590,0b1654f1-08f3-11e7-a1cb-3863bb33a4e4,Jean Langlois / Fullum,7077,45.526499983000200,-73.54575277422560,CREDITCARD,KEY,27,FALSE,FALSE
591,0b16562e-08f3-11e7-a1cb-3863bb33a4e4,Hochelaga / Chapleau,7078,45.53445294687470,-73.55965197086330,CREDITCARD,KEY,23,FALSE,FALSE
592,0b165745-08f3-11e7-a1cb-3863bb33a4e4,Notre-Dame / Gauvin,7079,45.50010529681540,-73.56019914150240,CREDITCARD,KEY,19,FALSE,FALSE
593,0b165864-08f3-11e7-a1cb-3863bb33a4e4,du President-Kennedy / Union,7080,45.50501114975700,-73.57202768325810,CREDITCARD,KEY,23,FALSE,FALSE
594,0b165999-08f3-11e7-a1cb-3863bb33a4e4,St-Denis / de Maisonneuve,7081,45.514384629068300,-73.56173202395440,CREDITCARD,KEY,23,FALSE,FALSE
595,1bae0e44-d82a-4cfd-8d8d-5e6f1f0fa3e5,Jeanne-d'Arc / Ontario,4000,45.54959767887180,-73.54187428951260,CREDITCARD,KEY,19,FALSE,FALSE
605,622200e7-1cdb-4012-bed7-da753162cf14,Graham / Brookfield,4001,45.52007477080970,-73.6297756433487,CREDITCARD,KEY,15,FALSE,FALSE
606,d0c5bf9b-ca11-43fb-a5c8-9a4902714ed0,Graham / Wicksteed,4002,45.51693654712810,-73.64048302173620,CREDITCARD,KEY,15,FALSE,FALSE
607,a69227c7-deda-4988-a5fd-f3e9fe4d00fe,Métro Lionel-Groulx (Atwater / Lionel-Groulx),7082,45.482941269100400,-73.57974171638490,CREDITCARD,KEY,19,FALSE,FALSE
608,4cabba00-e5fa-434b-a526-7653c25e392c,McTavish / Sherbrooke,7084,45.502812816508900,-73.57602417469030,CREDITCARD,KEY,15,FALSE,FALSE
609,41bdaf12-6920-4305-8192-d62787029389,Parc de Bullion (de Bullion / Prince-Arthur),7083,45.515604257816300,-73.57213497161870,CREDITCARD,KEY,19,FALSE,FALSE
610,ad95c994-c6b6-4c07-aa95-915b2c4a83c9,de la Grande-Allée / Ste-Catherine,7085,45.631379636554700,-73.50685738027100,CREDITCARD,KEY,19,FALSE,FALSE
611,98ee8221-ac11-4cca-9855-159f6ec2a125,Parc de l'Hôtel-de-Ville (Dubé / Laurendeau),7086,45.630650344762300,-73.49499464035030,CREDITCARD,KEY,19,FALSE,FALSE
612,9d5bb509-7b2e-4f4b-8211-2e1711d334cb,St-Jean-Baptiste / René-Lévesque,7087,45.64155705644060,-73.50037515163420,CREDITCARD,KEY,19,FALSE,FALSE
613,b7bf4d7f-fc95-48de-9be0-f5067757b87d,du Tricentenaire / de Montigny,7088,45.65140583915360,-73.50041270256040,CREDITCARD,KEY,19,FALSE,FALSE
614,7a5ab188-a9cf-45c0-aa7d-bc5a19adf4ab,du Tricentenaire / Prince-Albert,7089,45.64954588445730,-73.49191546440130,CREDITCARD,KEY,23,FALSE,FALSE
617,11d35b5a-4128-414d-8605-b7f4a423d0af,de St-Firmin / Fleury,7090,45.57065664170430,-73.65184217691420,CREDITCARD,KEY,31,FALSE,FALSE
618,8c890268-9d84-48c2-b110-7a8dcb0b67d8,Fleury / André-Jobin,7091,45.57600034155430,-73.64676475524900,CREDITCARD,KEY,27,FALSE,FALSE
619,0ca346e9-95e1-402f-a074-6b71d2c9e3dd,Gare Bois-de-Boulogne,7092,45.53972553109640,-73.67716491222380,CREDITCARD,KEY,31,FALSE,FALSE
620,9c482b2f-0a57-4ef8-8bd5-73ac839b1b35,Laforest / Dudemaine,7093,45.539806548176000,-73.6872661113739,CREDITCARD,KEY,23,FALSE,FALSE
621,b4d3a74f-e4e1-4e2f-a748-b4c90a4f4b03,Alfred Laliberté / de Poutrincourt,7094,45.53308032414160,-73.6945965886116,CREDITCARD,KEY,23,FALSE,FALSE
622,46c3a863-9ca1-4a9d-878a-1f0e0e61e0b6,Chabanel / de l'Esplanade,7095,45.540685517278800,-73.65337640047070,CREDITCARD,KEY,15,FALSE,FALSE
623,8afbbf58-1be5-4a44-91ef-42f6c5635c99,Chabanel / du Parc,7096,45.53830765459550,-73.6548838019371,CREDITCARD,KEY,30,FALSE,FALSE
624,a5bbe554-36cb-430d-9e74-4a1903c9b474,Bélanger / des Galeries d'Anjou,7097,45.59722114932570,-73.56279015541080,CREDITCARD,KEY,23,FALSE,FALSE
625,5d358b14-6a3b-48cf-ba5a-c37f818e20f8,Vezina / Victoria,7099,45.49704689488640,-73.64321619272230,CREDITCARD,KEY,23,FALSE,FALSE
626,37ce8fe7-e47c-4fc2-bb12-188268b84830,Parc d'Antioche,7098,45.59535188887630,-73.55858981609340,CREDITCARD,KEY,23,FALSE,FALSE
627,989222c7-dff8-4027-8740-a788098fcaf2,Métro Namur (des Jockeys / Décarie),7100,45.49404432109340,-73.65449488162990,CREDITCARD,KEY,19,FALSE,FALSE
628,27f3c8a3-0874-40bb-9eb4-26ae3941f736,Métro de la Savane (de Sorel / Bougainville),7101,45.500450948002200,-73.66142839193340,CREDITCARD,KEY,23,FALSE,FALSE
629,64618de1-bec1-4a96-9e38-ee75fbd59106,Grand Boulevard / de Terrebonne,7102,45.47054370043360,-73.63168001174930,CREDITCARD,KEY,27,FALSE,FALSE
630,ac6d0172-ae6b-45a1-a0f2-71db92e52559,St-Joseph / 8e avenue Lachine,7103,45.43147138678840,-73.67120504379270,CREDITCARD,KEY,31,FALSE,FALSE
631,cedfe1f7-5148-449c-b09e-d37dafa66c26,8e avenue / Notre-Dame Lachine,7104,45.43498715540590,-73.67079868912700,CREDITCARD,KEY,23,FALSE,FALSE
632,11d98bc0-a11f-4506-9a74-89b6ae3cbc55,St-Joseph / 34e avenue Lachine,7105,45.432839840726100,-73.69349151849750,CREDITCARD,KEY,27,FALSE,FALSE
633,05c30e26-3af8-4324-a927-2107af730e84,Victoria / 18e avenue Lachine,7106,45.43579350588780,-73.6801904439926,CREDITCARD,KEY,15,FALSE,FALSE
634,2890e427-fe95-4bf1-a268-85699f6388e6,19e avenue / St-Joseph Lachine,7107,45.43312379149660,-73.68140548467640,CREDITCARD,KEY,23,FALSE,FALSE
635,3a782ff8-eac1-4d9f-97c3-980b94e09d10,Gagne / LaSalle,7108,45.422451407155900,-73.601194024086,CREDITCARD,KEY,47,FALSE,FALSE
636,9ff2903a-3e84-4cf7-a08f-56c179f47ca9,Cégep André-Laurendeau,7109,45.43566446235290,-73.60565185546880,CREDITCARD,KEY,22,FALSE,FALSE
637,6f06d2d0-fe38-4f27-b954-0708c64e9111,LaSalle / 67e avenue,7110,45.415348837097700,-73.62651407718660,CREDITCARD,KEY,31,FALSE,FALSE
638,141b3cb8-010c-404e-8017-85fd538f1036,Highlands / LaSalle,7111,45.42612352042830,-73.65741580724720,CREDITCARD,KEY,31,FALSE,FALSE
639,e53f7ac3-165f-41e1-9f68-d3471b6897b1,Newman / Senkus,7112,45.44404309237570,-73.61375212669370,CREDITCARD,KEY,19,FALSE,FALSE
640,0be4f33e-fcbd-4d98-9401-229fd183bd78,Casgrain / Maguire,7113,45.52593260934620,-73.59525293111800,CREDITCARD,KEY,15,FALSE,FALSE
641,8c6532d4-b6ed-481b-b6c9-585459a6becb,Smith / Peel,7114,45.492837758845200,-73.5564199090004,CREDITCARD,KEY,23,FALSE,FALSE
642,913c1975-01ea-4a82-b7fe-0e69126f1ba9,Métro Radisson (Sherbrooke / des Groseilliers),7115,45.58917500418710,-73.53965610265730,CREDITCARD,KEY,15,FALSE,FALSE
643,310b2729-af0a-4e79-8cb9-af1139e0229c,Métro Honoré-Beaugrand (Sherbrooke / Honoré-Beaugrand),7116,45.5967964774917,-73.53517949581150,CREDITCARD,KEY,23,FALSE,FALSE
644,1257b2a7-d643-4059-a6d9-15f64fe2518f,François-Boivin / Bélanger,7117,45.59259615276130,-73.56617510318760,CREDITCARD,KEY,27,FALSE,FALSE
645,7e5f3173-c724-4050-8178-2b4e0b2a5e4d,Tellier / des Futailles,7118,45.58600999065890,-73.52183818817140,CREDITCARD,KEY,47,FALSE,FALSE
646,42196207-6f5d-4c13-ba35-a900d5e1be17,Notre-Dame / Liébert,7119,45.59280261038490,-73.51046562194820,CREDITCARD,KEY,39,FALSE,FALSE
647,713a0060-2a0b-44f1-99b2-947eaa8dbfc3,Notre-Dame / des Ormeaux,7120,45.59920617334640,-73.5122399032116,CREDITCARD,KEY,31,FALSE,FALSE
648,d9449bf6-4241-4443-9094-cdfc4c756ed0,de Bruxelles / Hochelaga,7121,45.59264808020600,-73.52521777153020,CREDITCARD,KEY,27,FALSE,FALSE
649,0ae94fea-0db4-4f0d-af33-f185822d1759,de Belleville / Fleury,7122,45.58116002977830,-73.64124342799190,CREDITCARD,KEY,27,FALSE,FALSE
650,ca333629-870e-4a74-9ee3-19d8b3af4c3c,des Récollets / Martial,7123,45.59089190991340,-73.64061713218690,CREDITCARD,KEY,27,FALSE,FALSE
651,2bab7c8c-5374-4286-b14c-e391853f4fcd,Dollard / Bernard,7124,45.51678269880720,-73.61142262816430,CREDITCARD,KEY,23,FALSE,FALSE
652,a2c00315-461b-4191-b92b-eca7e4bfb066,Rosemont / Viau,7125,45.56833021674860,-73.56666326522830,CREDITCARD,KEY,23,FALSE,FALSE
653,f7f6df8f-3a19-42c6-8c9c-1816cf38bca9,41e avenue / Rosemont,7126,45.57178977666960,-73.56431499123570,CREDITCARD,KEY,23,FALSE,FALSE
654,74a3693c-e8b1-4b8d-922a-64f4d7f2f99e,Jeanne-Mance / Beaubien,7127,45.527650097960200,-73.61229971051220,CREDITCARD,KEY,15,FALSE,FALSE
655,9d1f847c-5f68-47f1-a21a-34876a3926c3,Métro Côte-Vertu (Gohier / Edouard-Laurin),7128,45.512989627641900,-73.68249848484990,CREDITCARD,KEY,25,FALSE,FALSE
656,99aa90a0-1eeb-42d0-968a-4549dfd76378,de l'Eglise / St-Germain,7129,45.51255920873000,-73.67701068520550,CREDITCARD,KEY,31,FALSE,FALSE
657,7e04cea7-60a1-4c66-a1c6-272c89a6df97,Métro du Collège (Cartier / Décarie),7130,45.50843904979170,-73.6729645729065,CREDITCARD,KEY,17,FALSE,FALSE
658,0382a293-bef4-46d4-acce-11a2f811feb4,Bibliothèque du Boisé (Thimens / Todd),7131,45.50463493033910,-73.70443224906920,CREDITCARD,KEY,27,FALSE,FALSE
659,cc4ccc88-6395-4c60-adbd-337060417059,Ste-Croix / Tassé,7132,45.519492499678200,-73.6851042509079,CREDITCARD,KEY,27,FALSE,FALSE
660,804472d6-4078-45eb-b56d-dfa36598806c,Thimens / Alexis-Nihon,7133,45.50897852206790,-73.69856357574460,CREDITCARD,KEY,31,FALSE,FALSE
661,da0056b9-8b90-49b3-98ef-e9e8da4d9541,Poirier / O'Brien,7134,45.52246015438050,-73.69156435132030,CREDITCARD,KEY,23,FALSE,FALSE
662,f07958e1-1c97-488d-9c91-fc5af07b6903,Cavendish / Poirier,7135,45.50622283591450,-73.71148109436040,CREDITCARD,KEY,23,FALSE,FALSE
663,ce9d8184-476d-4694-82df-ce19914d9faa,Marcel-Laurin / Beaudet,7136,45.50684315902470,-73.68175685405730,CREDITCARD,KEY,27,FALSE,FALSE
664,d233c7b6-364e-457f-aa03-2b2b9f0d978c,de Lisieux / Jean-Talon,7137,45.57934937043080,-73.58168095350270,CREDITCARD,KEY,23,FALSE,FALSE
665,a8ef74e0-2311-4c98-a561-6d85ede53dae,Dumesnil / Bélanger,7138,45.587777966914900,-73.56935352087020,CREDITCARD,KEY,23,FALSE,FALSE
666,04e73cf3-52ff-4db2-870d-12dc73abd429,Parc Plage,7139,45.50282785563670,-73.52779269218450,CREDITCARD,KEY,23,FALSE,FALSE
667,d2e0271f-1000-45a5-be2b-826bc3d86065,St-Jacques / des Seigneurs,7140,45.489185716082300,-73.57190027832980,CREDITCARD,KEY,51,FALSE,FALSE
668,de3734d1-1e5e-41d4-8d32-b67e8d617c41,Turgeon / Notre-Dame,7141,45.478888528072100,-73.58198940753940,CREDITCARD,KEY,15,FALSE,FALSE
669,a95dc189-f8e1-4cd6-82fd-891faf88b941,Elgar / de l'Île-des-Sœurs,7142,45.45682318753670,-73.546804189682,CREDITCARD,KEY,14,FALSE,FALSE
670,79bc2886-1f1e-4d36-9e73-6a2a01804c87,LaSalle / Godin,7143,45.44693448484640,-73.57219934463500,CREDITCARD,KEY,27,FALSE,FALSE
671,858c516c-52f9-4343-b3e8-1f39761519a0,Hickson / Wellington,7144,45.46489251773310,-73.56699787080290,CREDITCARD,KEY,15,FALSE,FALSE
672,cfc793a2-de06-4a1f-8eb5-598089b390a4,Argyle / Bannantyne,7145,45.453318765468900,-73.5767751932144,CREDITCARD,KEY,15,FALSE,FALSE
673,d6622a9d-b9f1-4cb0-b4e8-3764196c6373,Lusignan / St-Jacques,7146,45.492222393331600,-73.56934815645220,CREDITCARD,KEY,23,FALSE,FALSE
674,ee5a7123-8734-49db-90bc-f38bc58fc962,Métro de Castelnau (de Castelnau / Clark),7147,45.53473935096960,-73.62076878547670,CREDITCARD,KEY,15,FALSE,FALSE
675,f7d3d0fa-f0ca-47f4-953b-77762e63d799,Papineau / Émile-Journault,7148,45.55988367688170,-73.63356828689580,CREDITCARD,KEY,31,FALSE,FALSE
676,b592407b-8242-4697-8d3f-be5525e640d8,16e avenue / Jean-Talon,7149,45.56244008398080,-73.59533339738850,CREDITCARD,KEY,11,FALSE,FALSE
682,9dba1653-7543-48b2-99aa-f838cb46f145,du Souvenir / Chomedey,7150,45.55188644388880,-73.74444007873540,CREDITCARD,KEY,15,FALSE,FALSE
683,44cbae13-8ad5-4b8f-8db8-37f541c9f192,Métro Montmorency (de l'Avenir / Jacques-Tétreault),7151,45.558108953383500,-73.71959745883940,CREDITCARD,KEY,19,FALSE,FALSE
684,0d94b6af-95d3-453c-9bbb-b56d137e9acc,Parc St-Claude (7e avenue / 8e rue),7152,45.56266824826760,-73.6923623085022,CREDITCARD,KEY,27,FALSE,FALSE
685,f81acbc2-eda3-45a3-a8fe-34f96230910b,Métro Cartier (des Laurentides / Cartier),7153,45.56002974868340,-73.68133574724200,CREDITCARD,KEY,19,FALSE,FALSE